fy,start,end,accn,filed,net_income,net_income_tag,revenue,revenue_tag,assets,assets_tag,equity,equity_tag,roe,profit_margin,asset_turnover,equity_multiplier,equity_warning,negative_equity,ticker,cik,source_url
2020,2020-01-01,2020-12-31,0001104659-22-025141,2022-02-18,4495000000,NetIncomeLoss,34608000000,RevenueFromContractWithCustomerExcludingAssessedTax,72548000000,Assets,32784000000,StockholdersEquity,0.13710956564177648,0.12988326398520572,0.47703589347742187,2.212908735968765,False,False,ABT,0000001800,https://www.sec.gov/Archives/edgar/data/1800/000110465922025141/0001104659-22-025141.txt
2021,2021-01-01,2021-12-31,0001628280-23-004026,2023-02-17,7071000000,NetIncomeLoss,43075000000,RevenueFromContractWithCustomerExcludingAssessedTax,75196000000,Assets,35802000000,StockholdersEquity,0.19750293279705045,0.16415554265815438,0.5728363210809085,2.100329590525669,False,False,ABT,0000001800,https://www.sec.gov/Archives/edgar/data/1800/000162828023004026/0001628280-23-004026.txt
2022,2022-01-01,2022-12-31,0001628280-24-005348,2024-02-16,6933000000,NetIncomeLoss,43653000000,RevenueFromContractWithCustomerExcludingAssessedTax,74438000000,Assets,36686000000,StockholdersEquity,0.18898217303603554,0.15882069960827436,0.58643434804804,2.029057406094968,False,False,ABT,0000001800,https://www.sec.gov/Archives/edgar/data/1800/000162828024005348/0001628280-24-005348.txt
2023,2023-01-01,2023-12-31,0001628280-25-007110,2025-02-21,5723000000,NetIncomeLoss,40109000000,RevenueFromContractWithCustomerExcludingAssessedTax,73214000000,Assets,38603000000,StockholdersEquity,0.14825272647203586,0.14268618015906653,0.5478323817849046,1.8965883480558505,False,False,ABT,0000001800,https://www.sec.gov/Archives/edgar/data/1800/000162828025007110/0001628280-25-007110.txt
2024,2024-01-01,2024-12-31,0001628280-26-010185,2026-02-20,13402000000,NetIncomeLoss,41950000000,RevenueFromContractWithCustomerExcludingAssessedTax,81414000000,Assets,47664000000,StockholdersEquity,0.2811765693185633,0.3194755661501788,0.5152676443854866,1.7080815709969788,False,False,ABT,0000001800,https://www.sec.gov/Archives/edgar/data/1800/000162828026010185/0001628280-26-010185.txt
2025,2025-01-01,2025-12-31,0001628280-26-010185,2026-02-20,6524000000,NetIncomeLoss,44328000000,RevenueFromContractWithCustomerExcludingAssessedTax,86713000000,Assets,52130000000,StockholdersEquity,0.12514866679455208,0.14717560007218913,0.5112036257539239,1.6633991943218875,False,False,ABT,0000001800,https://www.sec.gov/Archives/edgar/data/1800/000162828026010185/0001628280-26-010185.txt
2020,2020-01-01,2020-12-31,0001551152-22-000007,2022-02-18,4616000000,NetIncomeLoss,45804000000,RevenueFromContractWithCustomerExcludingAssessedTax,150565000000,Assets,13076000000,StockholdersEquity,0.3530131538696849,0.10077722469653305,0.30421412678909443,11.514606913429184,False,False,ABBV,0001551152,https://www.sec.gov/Archives/edgar/data/1551152/000155115222000007/0001551152-22-000007.txt
2021,2021-01-01,2021-12-31,0001551152-23-000011,2023-02-17,11542000000,NetIncomeLoss,56197000000,RevenueFromContractWithCustomerExcludingAssessedTax,146529000000,Assets,15408000000,StockholdersEquity,0.7490913811007269,0.2053846290727263,0.3835213507223826,9.509929906542055,False,False,ABBV,0001551152,https://www.sec.gov/Archives/edgar/data/1551152/000155115223000011/0001551152-23-000011.txt
2022,2022-01-01,2022-12-31,0001551152-24-000011,2024-02-20,11836000000,NetIncomeLoss,58054000000,RevenueFromContractWithCustomerExcludingAssessedTax,138805000000,Assets,17254000000,StockholdersEquity,0.6859858583516866,0.20387914700106796,0.4182414178163611,8.044801205517562,False,False,ABBV,0001551152,https://www.sec.gov/Archives/edgar/data/1551152/000155115224000011/0001551152-24-000011.txt
2023,2023-01-01,2023-12-31,0001551152-25-000020,2025-02-14,4863000000,NetIncomeLoss,54318000000,RevenueFromContractWithCustomerExcludingAssessedTax,134711000000,Assets,10360000000,StockholdersEquity,0.4694015444015444,0.0895283331492323,0.40321874234472316,13.002992277992279,False,False,ABBV,0001551152,https://www.sec.gov/Archives/edgar/data/1551152/000155115225000020/0001551152-25-000020.txt
2024,2024-01-01,2024-12-31,0001551152-26-000008,2026-02-20,4278000000,NetIncomeLoss,56334000000,RevenueFromContractWithCustomerExcludingAssessedTax,135161000000,Assets,3325000000,StockholdersEquity,1.2866165413533834,0.0759399297049739,0.4167918260444951,40.64992481203007,False,False,ABBV,0001551152,https://www.sec.gov/Archives/edgar/data/1551152/000155115226000008/0001551152-26-000008.txt
2025,2025-01-01,2025-12-31,0001551152-26-000008,2026-02-20,4226000000,NetIncomeLoss,61160000000,RevenueFromContractWithCustomerExcludingAssessedTax,133960000000,Assets,-3270000000,StockholdersEquity,-1.2923547400611621,0.06909744931327665,0.4565541952821738,-40.96636085626911,True,True,ABBV,0001551152,https://www.sec.gov/Archives/edgar/data/1551152/000155115226000008/0001551152-26-000008.txt
2021,2020-11-01,2021-10-31,0001090872-22-000026,2022-12-21,1210000000,NetIncomeLoss,6319000000,RevenueFromContractWithCustomerExcludingAssessedTax,10705000000,Assets,5389000000,StockholdersEquity,0.22453145295973279,0.1914859946194018,0.5902849135917796,1.9864538875487103,False,False,A,0001090872,https://www.sec.gov/Archives/edgar/data/1090872/000109087222000026/0001090872-22-000026.txt
2022,2021-11-01,2022-10-31,0001090872-23-000020,2023-12-20,1254000000,NetIncomeLoss,6848000000,RevenueFromContractWithCustomerExcludingAssessedTax,10532000000,Assets,5305000000,StockholdersEquity,0.23638077285579642,0.18311915887850466,0.6502088872009115,1.985296889726673,False,False,A,0001090872,https://www.sec.gov/Archives/edgar/data/1090872/000109087223000020/0001090872-23-000020.txt
2023,2022-11-01,2023-10-31,0001090872-24-000049,2024-12-20,1240000000,NetIncomeLoss,6833000000,RevenueFromContractWithCustomerExcludingAssessedTax,10763000000,Assets,5845000000,StockholdersEquity,0.21214713430282292,0.18147226693985072,0.6348601690978352,1.8414029084687766,False,False,A,0001090872,https://www.sec.gov/Archives/edgar/data/1090872/000109087224000049/0001090872-24-000049.txt
2024,2023-11-01,2024-10-31,0001090872-25-000087,2025-12-22,1289000000,NetIncomeLoss,6510000000,RevenueFromContractWithCustomerExcludingAssessedTax,11846000000,Assets,5898000000,StockholdersEquity,0.21854866056290267,0.19800307219662058,0.5495525915920986,2.008477449983045,False,False,A,0001090872,https://www.sec.gov/Archives/edgar/data/1090872/000109087225000087/0001090872-25-000087.txt
2025,2024-11-01,2025-10-31,0001090872-25-000087,2025-12-22,1303000000,NetIncomeLoss,6948000000,RevenueFromContractWithCustomerExcludingAssessedTax,12727000000,Assets,6741000000,StockholdersEquity,0.19329476338822132,0.18753598157743234,0.5459259841282313,1.887998813232458,False,False,A,0001090872,https://www.sec.gov/Archives/edgar/data/1090872/000109087225000087/0001090872-25-000087.txt
2020,2020-01-01,2020-12-31,0001097149-22-000011,2022-02-25,1775888000,NetIncomeLoss,2471941000,RevenueFromContractWithCustomerExcludingAssessedTax,4829683000,Assets,3233865000,StockholdersEquity,0.5491534124028059,0.7184184412168413,0.5118226185859404,1.4934708158813061,False,False,ALGN,0001097149,https://www.sec.gov/Archives/edgar/data/1097149/000109714922000011/0001097149-22-000011.txt
2021,2021-01-01,2021-12-31,0001097149-23-000013,2023-02-27,772020000,NetIncomeLoss,3952584000,RevenueFromContractWithCustomerExcludingAssessedTax,5942110000,Assets,3622714000,StockholdersEquity,0.2131054231716884,0.1953203271581325,0.6651818966663356,1.6402371260883415,False,False,ALGN,0001097149,https://www.sec.gov/Archives/edgar/data/1097149/000109714923000013/0001097149-23-000013.txt
2022,2022-01-01,2022-12-31,0001097149-24-000011,2024-02-28,361573000,NetIncomeLoss,3734635000,RevenueFromContractWithCustomerExcludingAssessedTax,5947947000,Assets,3601358000,StockholdersEquity,0.10039907168351495,0.09681615472462503,0.6278863950872461,1.651584485630143,False,False,ALGN,0001097149,https://www.sec.gov/Archives/edgar/data/1097149/000109714924000011/0001097149-24-000011.txt
2023,2023-01-01,2023-12-31,0001097149-25-000012,2025-02-28,445053000,NetIncomeLoss,3862260000,RevenueFromContractWithCustomerExcludingAssessedTax,6083877000,Assets,3630489000,StockholdersEquity,0.12258761836215452,0.11523123766913672,0.6348353196489672,1.675773428868673,False,False,ALGN,0001097149,https://www.sec.gov/Archives/edgar/data/1097149/000109714925000012/0001097149-25-000012.txt
2024,2024-01-01,2024-12-31,0001097149-26-000014,2026-02-27,421362000,NetIncomeLoss,3999012000,RevenueFromContractWithCustomerExcludingAssessedTax,6214600000,Assets,3851985000,StockholdersEquity,0.10938827643409826,0.10536652553180635,0.6434866282624787,1.6133500000649017,False,False,ALGN,0001097149,https://www.sec.gov/Archives/edgar/data/1097149/000109714926000014/0001097149-26-000014.txt
2025,2025-01-01,2025-12-31,0001097149-26-000014,2026-02-27,410351000,NetIncomeLoss,4034964000,RevenueFromContractWithCustomerExcludingAssessedTax,6233693000,Assets,4049147000,StockholdersEquity,0.10134257906665281,0.10169880078236138,0.6472830792276745,1.5395077037213023,False,False,ALGN,0001097149,https://www.sec.gov/Archives/edgar/data/1097149/000109714926000014/0001097149-26-000014.txt
2020,2020-01-01,2020-12-31,0000318154-22-000010,2022-02-16,7264000000,NetIncomeLoss,25424000000,RevenueFromContractWithCustomerExcludingAssessedTax,62948000000,Assets,9409000000,StockholdersEquity,0.7720267828674673,0.2857142857142857,0.40388892419139605,6.690190243383994,False,False,AMGN,0000318154,https://www.sec.gov/Archives/edgar/data/318154/000031815422000010/0000318154-22-000010.txt
2021,2021-01-01,2021-12-31,0000318154-23-000017,2023-02-09,5893000000,NetIncomeLoss,25979000000,RevenueFromContractWithCustomerExcludingAssessedTax,61165000000,Assets,6700000000,StockholdersEquity,0.8795522388059701,0.2268370607028754,0.42473636883838795,9.129104477611941,False,False,AMGN,0000318154,https://www.sec.gov/Archives/edgar/data/318154/000031815423000017/0000318154-23-000017.txt
2022,2022-01-01,2022-12-31,0000318154-24-000011,2024-02-14,6552000000,NetIncomeLoss,26323000000,RevenueFromContractWithCustomerExcludingAssessedTax,65121000000,Assets,3661000000,StockholdersEquity,1.7896749521988529,0.24890779926300194,0.40421676571305726,17.78776290630975,False,False,AMGN,0000318154,https://www.sec.gov/Archives/edgar/data/318154/000031815424000011/0000318154-24-000011.txt
2023,2023-01-01,2023-12-31,0000318154-25-000010,2025-02-14,6717000000,NetIncomeLoss,28190000000,RevenueFromContractWithCustomerExcludingAssessedTax,97154000000,Assets,6232000000,StockholdersEquity,1.077824133504493,0.23827598439162823,0.2901578936533751,15.589537869062902,False,False,AMGN,0000318154,https://www.sec.gov/Archives/edgar/data/318154/000031815425000010/0000318154-25-000010.txt
2024,2024-01-01,2024-12-31,0000318154-26-000010,2026-02-13,4090000000,NetIncomeLoss,33424000000,RevenueFromContractWithCustomerExcludingAssessedTax,91839000000,Assets,5877000000,StockholdersEquity,0.6959332993023651,0.12236716132120631,0.3639412450048454,15.626850433894845,False,False,AMGN,0000318154,https://www.sec.gov/Archives/edgar/data/318154/000031815426000010/0000318154-26-000010.txt
2025,2025-01-01,2025-12-31,0000318154-26-000010,2026-02-13,7711000000,NetIncomeLoss,36751000000,RevenueFromContractWithCustomerExcludingAssessedTax,90586000000,Assets,8658000000,StockholdersEquity,0.8906213906213907,0.20981741993415146,0.40570286799284655,10.462693462693462,False,False,AMGN,0000318154,https://www.sec.gov/Archives/edgar/data/318154/000031815426000010/0000318154-26-000010.txt
2020,2020-01-01,2020-12-31,0001628280-22-003432,2022-02-23,1102000000,NetIncomeLoss,11673000000,RevenueFromContractWithCustomerExcludingAssessedTax,20019000000,Assets,8689000000,StockholdersEquity,0.12682702267234433,0.09440589394328792,0.583096058744193,2.303947519852687,False,False,BAX,0000010456,https://www.sec.gov/Archives/edgar/data/10456/000162828022003432/0001628280-22-003432.txt
2021,2021-01-01,2021-12-31,0001628280-23-002864,2023-02-09,1284000000,NetIncomeLoss,12784000000,RevenueFromContractWithCustomerExcludingAssessedTax,33521000000,Assets,9077000000,StockholdersEquity,0.1414564283353531,0.10043804755944931,0.3813728707377465,3.6929602291506005,False,False,BAX,0000010456,https://www.sec.gov/Archives/edgar/data/10456/000162828023002864/0001628280-23-002864.txt
2022,2022-01-01,2022-12-31,0001628280-24-003932,2024-02-08,-2433000000,NetIncomeLoss,14506000000,RevenueFromContractWithCustomerExcludingAssessedTax,28287000000,Assets,5833000000,StockholdersEquity,-0.4171095491170924,-0.16772370053770855,0.5128150740622901,4.849477112977884,False,False,BAX,0000010456,https://www.sec.gov/Archives/edgar/data/10456/000162828024003932/0001628280-24-003932.txt
2023,2023-01-01,2023-12-31,0001628280-25-007201,2025-02-21,2656000000,NetIncomeLoss,10360000000,RevenueFromContractWithCustomerExcludingAssessedTax,28276000000,Assets,8402000000,StockholdersEquity,0.31611521066412757,0.25637065637065637,0.3663884566416749,3.365389193049274,False,False,BAX,0000010456,https://www.sec.gov/Archives/edgar/data/10456/000162828025007201/0001628280-25-007201.txt
2024,2024-01-01,2024-12-31,0001628280-26-007733,2026-02-12,-649000000,NetIncomeLoss,10636000000,RevenueFromContractWithCustomerExcludingAssessedTax,25782000000,Assets,6964000000,StockholdersEquity,-0.09319356691556577,-0.06101918014291087,0.4125358777441626,3.7021826536473292,False,False,BAX,0000010456,https://www.sec.gov/Archives/edgar/data/10456/000162828026007733/0001628280-26-007733.txt
2025,2025-01-01,2025-12-31,0001628280-26-007733,2026-02-12,-957000000,NetIncomeLoss,11244000000,RevenueFromContractWithCustomerExcludingAssessedTax,20055000000,Assets,6129000000,StockholdersEquity,-0.1561429270680372,-0.08511205976520811,0.5606581899775617,3.272148800783162,False,False,BAX,0000010456,https://www.sec.gov/Archives/edgar/data/10456/000162828026007733/0001628280-26-007733.txt
2020,2019-10-01,2020-09-30,0000010795-21-000091,2021-11-24,874000000,NetIncomeLoss,17117000000,Revenues,54012000000,Assets,23765000000,StockholdersEquity,0.036776772564695984,0.0510603493602851,0.3169110568021921,2.2727540500736376,False,False,BDX,0000010795,https://www.sec.gov/Archives/edgar/data/10795/000001079521000091/0000010795-21-000091.txt
2021,2020-10-01,2021-09-30,0001628280-22-030686,2022-11-22,2092000000,NetIncomeLoss,19131000000,Revenues,53866000000,Assets,23677000000,StockholdersEquity,0.08835578831777674,0.10935131462024986,0.35515909850369437,2.275034843941378,False,False,BDX,0000010795,https://www.sec.gov/Archives/edgar/data/10795/000162828022030686/0001628280-22-030686.txt
2022,2021-10-01,2022-09-30,0000010795-23-000098,2023-11-21,1779000000,NetIncomeLoss,18870000000,Revenues,52934000000,Assets,25282000000,StockholdersEquity,0.07036626849141682,0.09427662957074721,0.35648165640231233,2.0937425836563563,False,False,BDX,0000010795,https://www.sec.gov/Archives/edgar/data/10795/000001079523000098/0000010795-23-000098.txt
2023,2022-10-01,2023-09-30,0000010795-24-000084,2024-11-27,1484000000,NetIncomeLoss,19372000000,Revenues,52780000000,Assets,25796000000,StockholdersEquity,0.057528298961079236,0.07660540986991535,0.367032967032967,2.04605365172895,False,False,BDX,0000010795,https://www.sec.gov/Archives/edgar/data/10795/000001079524000084/0000010795-24-000084.txt
2024,2023-10-01,2024-09-30,0000010795-25-000099,2025-11-25,1705000000,NetIncomeLoss,20178000000,Revenues,57286000000,Assets,25890000000,StockholdersEquity,0.06585554268057164,0.08449796808405194,0.3522326571937297,2.21266898416377,False,False,BDX,0000010795,https://www.sec.gov/Archives/edgar/data/10795/000001079525000099/0000010795-25-000099.txt
2025,2024-10-01,2025-09-30,0000010795-25-000099,2025-11-25,1678000000,NetIncomeLoss,21840000000,Revenues,55325000000,Assets,25390000000,StockholdersEquity,0.06608901142181961,0.07683150183150184,0.3947582467239042,2.1790074832611266,False,False,BDX,0000010795,https://www.sec.gov/Archives/edgar/data/10795/000001079525000099/0000010795-25-000099.txt
2020,2019-07-01,2020-06-30,0001437749-21-020980,2021-08-25,229296000,NetIncomeLoss,738691000,RevenueFromContractWithCustomerExcludingAssessedTax,2027589000,Assets,1381192000,StockholdersEquity,0.1660131248950182,0.3104085470108611,0.36431988928722736,1.4679993802454692,False,False,TECH,0000842023,https://www.sec.gov/Archives/edgar/data/842023/000143774921020980/0001437749-21-020980.txt
2021,2020-07-01,2021-06-30,0001558370-22-013935,2022-08-24,140410000,NetIncomeLoss,931032000,RevenueFromContractWithCustomerExcludingAssessedTax,2262957000,Assets,1562971000,StockholdersEquity,0.0898353200411268,0.1508111429037885,0.4114227535034912,1.447856038275822,False,False,TECH,0000842023,https://www.sec.gov/Archives/edgar/data/842023/000155837022013935/0001558370-22-013935.txt
2022,2021-07-01,2022-06-30,0001558370-23-015226,2023-08-23,272051000,NetIncomeLoss,1105599000,RevenueFromContractWithCustomerExcludingAssessedTax,2294805000,Assets,1701770000,StockholdersEquity,0.15986355382924838,0.24606661185475023,0.48178341950623255,1.3484812871304583,False,False,TECH,0000842023,https://www.sec.gov/Archives/edgar/data/842023/000155837023015226/0001558370-23-015226.txt
2023,2022-07-01,2023-06-30,0001558370-24-012430,2024-08-22,285263000,NetIncomeLoss,1136702000,RevenueFromContractWithCustomerExcludingAssessedTax,2638692000,Assets,1966516000,StockholdersEquity,0.14506009612939838,0.2509567151285033,0.43078237247848555,1.3418105929471207,False,False,TECH,0000842023,https://www.sec.gov/Archives/edgar/data/842023/000155837024012430/0001558370-24-012430.txt
2024,2023-07-01,2024-06-30,0001558370-24-012430,2024-08-22,168105000,NetIncomeLoss,1159060000,RevenueFromContractWithCustomerExcludingAssessedTax,2703867000,Assets,2068850000,StockholdersEquity,0.0812552867535104,0.1450356323227443,0.42866753431289334,1.306942020929502,False,False,TECH,0000842023,https://www.sec.gov/Archives/edgar/data/842023/000155837024012430/0001558370-24-012430.txt
2020,2020-01-01,2020-12-31,0000875045-22-000007,2022-02-03,4000600000,NetIncomeLoss,13444600000,Revenues,24618900000,Assets,10700300000,StockholdersEquity,0.3738773679242638,0.29756184639185995,0.5461088838250288,2.3007672682074336,False,False,BIIB,0000875045,https://www.sec.gov/Archives/edgar/data/875045/000087504522000007/0000875045-22-000007.txt
2021,2021-01-01,2021-12-31,0000875045-23-000009,2023-02-15,1556100000,NetIncomeLoss,10981700000,Revenues,23877300000,Assets,10896200000,StockholdersEquity,0.14281125530001285,0.14169937259258586,0.4599221855067365,2.19134193572071,False,False,BIIB,0000875045,https://www.sec.gov/Archives/edgar/data/875045/000087504523000009/0000875045-23-000009.txt
2022,2022-01-01,2022-12-31,0000875045-24-000009,2024-02-14,3046900000,NetIncomeLoss,10173400000,Revenues,24554100000,Assets,13397900000,StockholdersEquity,0.22741623687294277,0.29949672675801603,0.4143259170566219,1.8326827338612768,False,False,BIIB,0000875045,https://www.sec.gov/Archives/edgar/data/875045/000087504524000009/0000875045-24-000009.txt
2023,2023-01-01,2023-12-31,0000875045-24-000009,2024-02-14,1161100000,NetIncomeLoss,9835600000,Revenues,26844800000,Assets,14799400000,StockholdersEquity,0.07845588334662217,0.11805075440237504,0.3663875312909763,1.8139113747854643,False,False,BIIB,0000875045,https://www.sec.gov/Archives/edgar/data/875045/000087504524000009/0000875045-24-000009.txt
2022,2022-01-01,2022-12-31,0000885725-24-000017,2024-02-20,698000000,ProfitLoss minus NetIncomeLossAttributableToNoncontrollingInterest,12682000000,RevenueFromContractWithCustomerExcludingAssessedTax,32469000000,Assets,17573000000,StockholdersEquity,0.0397200250384112,0.055038637438889766,0.3905879454248668,1.8476640300460934,False,False,BSX,0000885725,https://www.sec.gov/Archives/edgar/data/885725/000088572524000017/0000885725-24-000017.txt
2023,2023-01-01,2023-12-31,0000885725-25-000011,2025-02-18,1593000000,ProfitLoss minus NetIncomeLossAttributableToNoncontrollingInterest,14240000000,RevenueFromContractWithCustomerExcludingAssessedTax,35136000000,Assets,19282000000,StockholdersEquity,0.08261591121252983,0.11186797752808988,0.40528233151183973,1.8222176122808837,False,False,BSX,0000885725,https://www.sec.gov/Archives/edgar/data/885725/000088572525000011/0000885725-25-000011.txt
2024,2024-01-01,2024-12-31,0000885725-26-000010,2026-02-17,1854000000,ProfitLoss minus NetIncomeLossAttributableToNoncontrollingInterest,16747000000,RevenueFromContractWithCustomerExcludingAssessedTax,39395000000,Assets,21770000000,StockholdersEquity,0.08516306844281121,0.11070639517525527,0.4251047087193806,1.809600367478181,False,False,BSX,0000885725,https://www.sec.gov/Archives/edgar/data/885725/000088572526000010/0000885725-26-000010.txt
2025,2025-01-01,2025-12-31,0000885725-26-000010,2026-02-17,2898000000,ProfitLoss minus NetIncomeLossAttributableToNoncontrollingInterest,20074000000,RevenueFromContractWithCustomerExcludingAssessedTax,43673000000,Assets,24233000000,StockholdersEquity,0.11958899021994801,0.14436584636843677,0.45964325784809834,1.8022118598605208,False,False,BSX,0000885725,https://www.sec.gov/Archives/edgar/data/885725/000088572526000010/0000885725-26-000010.txt
2020,2020-01-01,2020-12-31,0000014272-22-000051,2022-02-09,-9015000000,NetIncomeLoss,42518000000,Revenues,118481000000,Assets,37822000000,StockholdersEquity,-0.23835333932631803,-0.2120278470294934,0.358859226373849,3.132594786103326,False,False,BMY,0000014272,https://www.sec.gov/Archives/edgar/data/14272/000001427222000051/0000014272-22-000051.txt
2021,2021-01-01,2021-12-31,0000014272-23-000046,2023-02-14,6994000000,NetIncomeLoss,46385000000,Revenues,109314000000,Assets,35946000000,StockholdersEquity,0.19456963222611695,0.15078150264093995,0.4243280824048155,3.041061592388583,False,False,BMY,0000014272,https://www.sec.gov/Archives/edgar/data/14272/000001427223000046/0000014272-23-000046.txt
2022,2022-01-01,2022-12-31,0000014272-24-000044,2024-02-13,6327000000,NetIncomeLoss,46159000000,Revenues,96820000000,Assets,31061000000,StockholdersEquity,0.20369595312449695,0.13706969388418294,0.47675067134889487,3.117092173465117,False,False,BMY,0000014272,https://www.sec.gov/Archives/edgar/data/14272/000001427224000044/0000014272-24-000044.txt
2023,2023-01-01,2023-12-31,0000014272-25-000039,2025-02-12,8025000000,NetIncomeLoss,45006000000,Revenues,95159000000,Assets,29430000000,StockholdersEquity,0.2726809378185525,0.17830955872550328,0.4729557897834151,3.2334012911994563,False,False,BMY,0000014272,https://www.sec.gov/Archives/edgar/data/14272/000001427225000039/0000014272-25-000039.txt
2024,2024-01-01,2024-12-31,0000014272-26-000004,2026-02-11,-8948000000,NetIncomeLoss,48300000000,Revenues,92603000000,Assets,16335000000,StockholdersEquity,-0.5477808386899296,-0.18525879917184265,0.5215813742535339,5.6689929599020505,False,False,BMY,0000014272,https://www.sec.gov/Archives/edgar/data/14272/000001427226000004/0000014272-26-000004.txt
2025,2025-01-01,2025-12-31,0000014272-26-000004,2026-02-11,7054000000,NetIncomeLoss,48194000000,Revenues,90038000000,Assets,18473000000,StockholdersEquity,0.38185459860336707,0.14636676764742498,0.5352628890024212,4.874032371569317,False,False,BMY,0000014272,https://www.sec.gov/Archives/edgar/data/14272/000001427226000004/0000014272-26-000004.txt
2020,2019-07-01,2020-06-30,0000721371-21-000080,2021-08-16,-3696000000,NetIncomeLoss,152922000000,Revenues,40766000000,Assets,1789000000,StockholdersEquity,-2.0659586361095585,-0.02416918429003021,3.7512142471667564,22.78703186137507,False,False,CAH,0000721371,https://www.sec.gov/Archives/edgar/data/721371/000072137121000080/0000721371-21-000080.txt
2021,2020-07-01,2021-06-30,0000721371-22-000058,2022-08-11,611000000,NetIncomeLoss,162467000000,Revenues,44453000000,Assets,1791000000,StockholdersEquity,0.3411501954215522,0.003760763724325555,3.654803950239579,24.820212171970965,False,False,CAH,0000721371,https://www.sec.gov/Archives/edgar/data/721371/000072137122000058/0000721371-22-000058.txt
2022,2021-07-01,2022-06-30,0000721371-23-000060,2023-08-15,-933000000,NetIncomeLoss,181364000000,Revenues,43878000000,Assets,-709000000,StockholdersEquity,1.315937940761636,-0.005144350587768245,4.133369798076485,-61.887165021156555,True,True,CAH,0000721371,https://www.sec.gov/Archives/edgar/data/721371/000072137123000060/0000721371-23-000060.txt
2023,2022-07-01,2023-06-30,0000721371-24-000056,2024-08-14,330000000,NetIncomeLoss,204979000000,Revenues,43349000000,Assets,-2958000000,StockholdersEquity,-0.11156186612576065,0.0016099210162992307,4.728575053634455,-14.654834347532116,True,True,CAH,0000721371,https://www.sec.gov/Archives/edgar/data/721371/000072137124000056/0000721371-24-000056.txt
2024,2023-07-01,2024-06-30,0000721371-25-000079,2025-08-12,852000000,NetIncomeLoss,226827000000,Revenues,45121000000,Assets,-3213000000,StockholdersEquity,-0.26517273576097106,0.0037561665939240037,5.027082733095455,-14.043261749144103,True,True,CAH,0000721371,https://www.sec.gov/Archives/edgar/data/721371/000072137125000079/0000721371-25-000079.txt
2025,2024-07-01,2025-06-30,0000721371-26-000038,2026-08-11,1561000000,NetIncomeLoss,222578000000,Revenues,53122000000,Assets,-2781000000,StockholdersEquity,-0.5613088816972313,0.007013271751925168,4.189940137796016,-19.10176195613089,True,True,CAH,0000721371,https://www.sec.gov/Archives/edgar/data/721371/000072137126000038/0000721371-26-000038.txt
2020,2019-10-01,2020-09-30,0001140859-21-000058,2021-11-23,-3408716000,NetIncomeLoss,189893926000,Revenues,44274830000,Assets,-1018924000,StockholdersEquity,3.345407508312691,-0.017950632080775453,4.288981482255267,-43.45253424200431,True,True,COR,0001140859,https://www.sec.gov/Archives/edgar/data/1140859/000114085921000058/0001140859-21-000058.txt
2021,2020-10-01,2021-09-30,0001140859-22-000098,2022-11-22,1539932000,NetIncomeLoss,213988843000,Revenues,57337805000,Assets,223354000,StockholdersEquity,6.894579904546147,0.007196319109029437,3.732072460743832,256.71268479633227,True,False,COR,0001140859,https://www.sec.gov/Archives/edgar/data/1140859/000114085922000098/0001140859-22-000098.txt
2022,2021-10-01,2022-09-30,0001140859-23-000197,2023-11-21,1698820000,NetIncomeLoss,238587006000,Revenues,56560616000,Assets,-211559000,StockholdersEquity,-8.03000581398097,0.007120337475545504,4.218253316052993,-267.3515000543584,True,True,COR,0001140859,https://www.sec.gov/Archives/edgar/data/1140859/000114085923000197/0001140859-23-000197.txt
2023,2022-10-01,2023-09-30,0001140859-24-000177,2024-11-26,1745293000,NetIncomeLoss,262173411000,Revenues,62558746000,Assets,522003000,StockholdersEquity,3.343453964823957,0.006657017556978728,4.190835458882121,119.84365223954651,True,False,COR,0001140859,https://www.sec.gov/Archives/edgar/data/1140859/000114085924000177/0001140859-24-000177.txt
2024,2023-10-01,2024-09-30,0001140859-25-000131,2025-11-25,1509120000,NetIncomeLoss,293958599000,Revenues,67101667000,Assets,645938000,StockholdersEquity,2.336323300378674,0.005133784162578622,4.380794280416312,103.88251968455177,True,False,COR,0001140859,https://www.sec.gov/Archives/edgar/data/1140859/000114085925000131/0001140859-25-000131.txt
2025,2024-10-01,2025-09-30,0001140859-25-000131,2025-11-25,1554169000,NetIncomeLoss,321332819000,Revenues,76590112000,Assets,1508019000,StockholdersEquity,1.0306030626935072,0.004836633260295768,4.195486997068238,50.7885590300918,False,False,COR,0001140859,https://www.sec.gov/Archives/edgar/data/1140859/000114085925000131/0001140859-25-000131.txt
2020,2020-01-01,2020-12-31,0001071739-22-000071,2022-02-22,1808000000,NetIncomeLoss,111115000000,Revenues,68719000000,Assets,25773000000,StockholdersEquity,0.07015093314709192,0.0162714304999325,1.616947278045373,2.6663174640127263,False,False,CNC,0001071739,https://www.sec.gov/Archives/edgar/data/1071739/000107173922000071/0001071739-22-000071.txt
2021,2021-01-01,2021-12-31,0001071739-23-000047,2023-02-21,1347000000,NetIncomeLoss,125982000000,Revenues,78375000000,Assets,26795000000,StockholdersEquity,0.0502705728680724,0.0106920036195647,1.607425837320574,2.9249860048516516,False,False,CNC,0001071739,https://www.sec.gov/Archives/edgar/data/1071739/000107173923000047/0001071739-23-000047.txt
2022,2022-01-01,2022-12-31,0001071739-24-000037,2024-02-20,1202000000,NetIncomeLoss,144547000000,Revenues,76870000000,Assets,24057000000,StockholdersEquity,0.04996466724861787,0.00831563436114205,1.8804084818524782,3.1953277632289976,False,False,CNC,0001071739,https://www.sec.gov/Archives/edgar/data/1071739/000107173924000037/0001071739-24-000037.txt
2023,2023-01-01,2023-12-31,0001071739-25-000027,2025-02-18,2702000000,NetIncomeLoss,153999000000,Revenues,84641000000,Assets,25840000000,StockholdersEquity,0.10456656346749225,0.017545568477717387,1.8194373884996633,3.2755804953560372,False,False,CNC,0001071739,https://www.sec.gov/Archives/edgar/data/1071739/000107173925000027/0001071739-25-000027.txt
2024,2024-01-01,2024-12-31,0001071739-26-000049,2026-02-17,3305000000,NetIncomeLoss,163071000000,Revenues,82445000000,Assets,26410000000,StockholdersEquity,0.12514199166982204,0.02026724555561688,1.9779368063557523,3.121734191594093,False,False,CNC,0001071739,https://www.sec.gov/Archives/edgar/data/1071739/000107173926000049/0001071739-26-000049.txt
2025,2025-01-01,2025-12-31,0001071739-26-000049,2026-02-17,-6674000000,NetIncomeLoss,194777000000,Revenues,76747000000,Assets,19953000000,StockholdersEquity,-0.33448604219916805,-0.03426482592913948,2.5379102766231907,3.846389014183331,False,False,CNC,0001071739,https://www.sec.gov/Archives/edgar/data/1071739/000107173926000049/0001071739-26-000049.txt
2020,2019-12-29,2020-12-26,0001100682-22-000007,2022-02-16,364304000,NetIncomeLoss,2923933000,RevenueFromContractWithCustomerExcludingAssessedTax,5490831000,Assets,2114602000,StockholdersEquity,0.17228017376319515,0.12459382619232383,0.5325119276116858,2.5966262209153306,False,False,CRL,0001100682,https://www.sec.gov/Archives/edgar/data/1100682/000110068222000007/0001100682-22-000007.txt
2021,2020-12-27,2021-12-25,0001100682-23-000006,2023-02-22,390982000,NetIncomeLoss,3540160000,RevenueFromContractWithCustomerExcludingAssessedTax,7024292000,Assets,2534820000,StockholdersEquity,0.15424448284296322,0.11044190093103137,0.5039881599455148,2.7711206318397363,False,False,CRL,0001100682,https://www.sec.gov/Archives/edgar/data/1100682/000110068223000006/0001100682-23-000006.txt
2022,2021-12-26,2022-12-31,0001100682-24-000007,2024-02-14,486226000,NetIncomeLoss,3976060000,RevenueFromContractWithCustomerExcludingAssessedTax,7602770000,Assets,2976293000,StockholdersEquity,0.1633663083574097,0.12228839605036142,0.5229751787835223,2.5544427245570245,False,False,CRL,0001100682,https://www.sec.gov/Archives/edgar/data/1100682/000110068224000007/0001100682-24-000007.txt
2023,2023-01-01,2023-12-30,0001100682-25-000011,2025-02-19,474624000,NetIncomeLoss,4129409000,RevenueFromContractWithCustomerExcludingAssessedTax,8195001000,Assets,3596882000,StockholdersEquity,0.1319542870741937,0.11493751284990177,0.5038936541923545,2.278362481727229,False,False,CRL,0001100682,https://www.sec.gov/Archives/edgar/data/1100682/000110068225000011/0001100682-25-000011.txt
2024,2023-12-31,2024-12-28,0001100682-26-000022,2026-02-18,22203000,NetIncomeLoss,4049989000,RevenueFromContractWithCustomerExcludingAssessedTax,7528345000,Assets,3461503000,StockholdersEquity,0.006414265710588724,0.005482237112248947,0.5379653828298252,2.1748775026339713,False,False,CRL,0001100682,https://www.sec.gov/Archives/edgar/data/1100682/000110068226000022/0001100682-26-000022.txt
2025,2024-12-29,2025-12-27,0001100682-26-000022,2026-02-18,-144338000,NetIncomeLoss,4015382000,RevenueFromContractWithCustomerExcludingAssessedTax,7135422000,Assets,3164630000,StockholdersEquity,-0.04560975532684706,-0.035946268624006385,0.5627392465365048,2.254741312570506,False,False,CRL,0001100682,https://www.sec.gov/Archives/edgar/data/1100682/000110068226000022/0001100682-26-000022.txt
2020,2020-01-01,2020-12-31,0001739940-22-000007,2022-02-24,8458000000,ProfitLoss minus NetIncomeLossAttributableToNoncontrollingInterest,160401000000,Revenues,155451000000,Assets,50321000000,StockholdersEquity,0.1680809204904513,0.05273034457391163,1.0318428315031747,3.0891874167842452,False,False,CI,0001739940,https://www.sec.gov/Archives/edgar/data/1739940/000173994022000007/0001739940-22-000007.txt
2021,2021-01-01,2021-12-31,0001739940-23-000008,2023-02-23,5365000000,ProfitLoss minus NetIncomeLossAttributableToNoncontrollingInterest,174078000000,Revenues,154889000000,Assets,47112000000,StockholdersEquity,0.11387756834776702,0.03081951768747343,1.1238887203093828,3.287676175921209,False,False,CI,0001739940,https://www.sec.gov/Archives/edgar/data/1739940/000173994023000008/0001739940-23-000008.txt
2022,2022-01-01,2022-12-31,0001739940-24-000005,2024-02-29,6704000000,ProfitLoss minus NetIncomeLossAttributableToNoncontrollingInterest,180518000000,Revenues,143885000000,Assets,44675000000,StockholdersEquity,0.15006155567991047,0.03713757076856602,1.2545991590506307,3.2207050923335196,False,False,CI,0001739940,https://www.sec.gov/Archives/edgar/data/1739940/000173994024000005/0001739940-24-000005.txt
2023,2023-01-01,2023-12-31,0001739940-25-000009,2025-02-27,5164000000,ProfitLoss minus NetIncomeLossAttributableToNoncontrollingInterest,195265000000,Revenues,152761000000,Assets,46223000000,StockholdersEquity,0.1117192739545248,0.02644611169436407,1.2782385556522935,3.3048698699781496,False,False,CI,0001739940,https://www.sec.gov/Archives/edgar/data/1739940/000173994025000009/0001739940-25-000009.txt
2024,2024-01-01,2024-12-31,0001739940-26-000006,2026-02-26,3434000000,NetIncomeLoss,247121000000,Revenues,155881000000,Assets,41033000000,StockholdersEquity,0.0836887383325616,0.0138960266428187,1.585318287668157,3.798917944093778,False,False,CI,0001739940,https://www.sec.gov/Archives/edgar/data/1739940/000173994026000006/0001739940-26-000006.txt
2025,2025-01-01,2025-12-31,0001739940-26-000006,2026-02-26,5957000000,NetIncomeLoss,274900000000,Revenues,157919000000,Assets,41713000000,StockholdersEquity,0.14280919617385468,0.02166969807202619,1.7407658356499218,3.7858461390933282,False,False,CI,0001739940,https://www.sec.gov/Archives/edgar/data/1739940/000173994026000006/0001739940-26-000006.txt
2020,2019-11-01,2020-10-31,0000711404-21-000038,2021-12-10,238400000,NetIncomeLoss,2430900000,RevenueFromContractWithCustomerExcludingAssessedTax,6737500000,Assets,3824600000,StockholdersEquity,0.06233331590231658,0.09807067341313917,0.36080148423005565,1.7616221304188673,False,False,COO,0000711404,https://www.sec.gov/Archives/edgar/data/711404/000071140421000038/0000711404-21-000038.txt
2021,2020-11-01,2021-10-31,0000711404-22-000053,2022-12-09,2944700000,NetIncomeLoss,2922500000,RevenueFromContractWithCustomerExcludingAssessedTax,9606200000,Assets,6941800000,StockholdersEquity,0.4241983347258636,1.00759623609923,0.3042306010701422,1.3838197585640613,False,False,COO,0000711404,https://www.sec.gov/Archives/edgar/data/711404/000071140422000053/0000711404-22-000053.txt
2022,2021-11-01,2022-10-31,0000711404-23-000072,2023-12-08,385800000,NetIncomeLoss,3308400000,RevenueFromContractWithCustomerExcludingAssessedTax,11492300000,Assets,7174500000,StockholdersEquity,0.05377378214509722,0.11661225970257526,0.2878797107628586,1.601825911213325,False,False,COO,0000711404,https://www.sec.gov/Archives/edgar/data/711404/000071140423000072/0000711404-23-000072.txt
2023,2022-11-01,2023-10-31,0000711404-24-000074,2024-12-06,294200000,NetIncomeLoss,3593200000,RevenueFromContractWithCustomerExcludingAssessedTax,11658900000,Assets,7550800000,StockholdersEquity,0.038962758912962865,0.08187687854836914,0.3081937404043263,1.5440615563913758,False,False,COO,0000711404,https://www.sec.gov/Archives/edgar/data/711404/000071140424000074/0000711404-24-000074.txt
2024,2023-11-01,2024-10-31,0001628280-25-055615,2025-12-05,392300000,NetIncomeLoss,3895400000,RevenueFromContractWithCustomerExcludingAssessedTax,12315200000,Assets,8083400000,StockholdersEquity,0.04853155850261029,0.10070852800739334,0.31630830193581916,1.5235173318158202,False,False,COO,0000711404,https://www.sec.gov/Archives/edgar/data/711404/000162828025055615/0001628280-25-055615.txt
2025,2024-11-01,2025-10-31,0001628280-25-055615,2025-12-05,374900000,NetIncomeLoss,4092400000,RevenueFromContractWithCustomerExcludingAssessedTax,12394800000,Assets,8238900000,StockholdersEquity,0.04550364733156125,0.09160883589091975,0.3301707167521864,1.5044241342897717,False,False,COO,0000711404,https://www.sec.gov/Archives/edgar/data/711404/000162828025055615/0001628280-25-055615.txt
2020,2020-01-01,2020-12-31,0000064803-22-000008,2022-02-09,7179000000,NetIncomeLoss,268706000000,Revenues,230715000000,Assets,69389000000,StockholdersEquity,0.10346020262577642,0.026716932260537538,1.1646663632620333,3.324950640591448,False,False,CVS,0000064803,https://www.sec.gov/Archives/edgar/data/64803/000006480322000008/0000064803-22-000008.txt
2021,2021-01-01,2021-12-31,0000064803-23-000009,2023-02-08,7910000000,NetIncomeLoss,292111000000,Revenues,232999000000,Assets,75075000000,StockholdersEquity,0.10536130536130536,0.027078747462437224,1.2537006596594835,3.1035497835497834,False,False,CVS,0000064803,https://www.sec.gov/Archives/edgar/data/64803/000006480323000009/0000064803-23-000009.txt
2022,2022-01-01,2022-12-31,0000064803-24-000007,2024-02-07,4311000000,NetIncomeLoss,322467000000,Revenues,228275000000,Assets,71469000000,StockholdersEquity,0.060319858959828734,0.01336880983170371,1.4126251232066587,3.1940421721305743,False,False,CVS,0000064803,https://www.sec.gov/Archives/edgar/data/64803/000006480324000007/0000064803-24-000007.txt
2023,2023-01-01,2023-12-31,0000064803-25-000007,2025-02-12,8344000000,NetIncomeLoss,357776000000,Revenues,249728000000,Assets,76461000000,StockholdersEquity,0.10912752906710611,0.023321855015428647,1.432662737057919,3.2660833627601,False,False,CVS,0000064803,https://www.sec.gov/Archives/edgar/data/64803/000006480325000007/0000064803-25-000007.txt
2024,2024-01-01,2024-12-31,0000064803-26-000010,2026-02-10,4614000000,NetIncomeLoss,372809000000,Revenues,253215000000,Assets,75560000000,StockholdersEquity,0.061064055055584966,0.012376310657736266,1.4723021937878877,3.351177871889889,False,False,CVS,0000064803,https://www.sec.gov/Archives/edgar/data/64803/000006480326000010/0000064803-26-000010.txt
2025,2025-01-01,2025-12-31,0000064803-26-000010,2026-02-10,1768000000,NetIncomeLoss,402067000000,Revenues,253538000000,Assets,75214000000,StockholdersEquity,0.023506262132049885,0.004397277070736966,1.585825398954003,3.3708883984364615,False,False,CVS,0000064803,https://www.sec.gov/Archives/edgar/data/64803/000006480326000010/0000064803-26-000010.txt
2020,2020-01-01,2020-12-31,0000313616-22-000061,2022-02-23,3646000000,NetIncomeLoss,22284000000,RevenueFromContractWithCustomerExcludingAssessedTax,76161000000,Assets,39766000000,StockholdersEquity,0.09168636523663432,0.16361514988332435,0.2925906960255249,1.9152290901775386,False,False,DHR,0000313616,https://www.sec.gov/Archives/edgar/data/313616/000031361622000061/0000313616-22-000061.txt
2021,2021-01-01,2021-12-31,0000313616-23-000087,2023-02-22,6433000000,NetIncomeLoss,29453000000,RevenueFromContractWithCustomerExcludingAssessedTax,83184000000,Assets,45167000000,StockholdersEquity,0.14242699315872207,0.21841578107493295,0.3540704943258319,1.8416985852502934,False,False,DHR,0000313616,https://www.sec.gov/Archives/edgar/data/313616/000031361623000087/0000313616-23-000087.txt
2022,2022-01-01,2022-12-31,0000313616-24-000052,2024-02-21,7209000000,NetIncomeLoss,26643000000,RevenueFromContractWithCustomerExcludingAssessedTax,84350000000,Assets,50082000000,StockholdersEquity,0.14394393195159938,0.2705776376534174,0.3158624777711915,1.6842378499261212,False,False,DHR,0000313616,https://www.sec.gov/Archives/edgar/data/313616/000031361624000052/0000313616-24-000052.txt
2023,2023-01-01,2023-12-31,0000313616-25-000043,2025-02-20,4764000000,NetIncomeLoss,23890000000,RevenueFromContractWithCustomerExcludingAssessedTax,84488000000,Assets,53486000000,StockholdersEquity,0.08907003701903302,0.19941398074508163,0.2827620490483856,1.5796283139513143,False,False,DHR,0000313616,https://www.sec.gov/Archives/edgar/data/313616/000031361625000043/0000313616-25-000043.txt
2024,2024-01-01,2024-12-31,0000313616-26-000062,2026-02-24,3899000000,NetIncomeLoss,23875000000,RevenueFromContractWithCustomerExcludingAssessedTax,77542000000,Assets,49543000000,StockholdersEquity,0.07869931170902045,0.1633089005235602,0.30789765546413556,1.565145429223099,False,False,DHR,0000313616,https://www.sec.gov/Archives/edgar/data/313616/000031361626000062/0000313616-26-000062.txt
2025,2025-01-01,2025-12-31,0000313616-26-000062,2026-02-24,3614000000,NetIncomeLoss,24568000000,RevenueFromContractWithCustomerExcludingAssessedTax,83464000000,Assets,52534000000,StockholdersEquity,0.06879354322914684,0.14710192119830673,0.29435445221892076,1.5887615639395438,False,False,DHR,0000313616,https://www.sec.gov/Archives/edgar/data/313616/000031361626000062/0000313616-26-000062.txt
2020,2020-01-01,2020-12-31,0000927066-22-000012,2022-02-11,773642000,NetIncomeLoss,11550604000,Revenues,16988516000,Assets,1383566000,StockholdersEquity,0.5591652295589802,0.06697848874396525,0.6799065910171318,12.278789736087761,False,False,DVA,0000927066,https://www.sec.gov/Archives/edgar/data/927066/000092706622000012/0000927066-22-000012.txt
2021,2021-01-01,2021-12-31,0000927066-23-000011,2023-02-22,978450000,NetIncomeLoss,11618797000,Revenues,17121488000,Assets,755508000,StockholdersEquity,1.295088867358122,0.08421267709557194,0.6786090671558453,22.662219327922404,False,False,DVA,0000927066,https://www.sec.gov/Archives/edgar/data/927066/000092706623000011/0000927066-23-000011.txt
2022,2022-01-01,2022-12-31,0000927066-24-000013,2024-02-14,560400000,NetIncomeLoss,11609894000,Revenues,16928252000,Assets,712326000,StockholdersEquity,0.7867184407139428,0.04826917455060313,0.6858294642589206,23.764753778466602,False,False,DVA,0000927066,https://www.sec.gov/Archives/edgar/data/927066/000092706624000013/0000927066-24-000013.txt
2023,2023-01-01,2023-12-31,0000927066-25-000012,2025-02-13,691535000,NetIncomeLoss,12140147000,Revenues,16893578000,Assets,1056097000,StockholdersEquity,0.6548025418119737,0.05696265457082192,0.7186249709800967,15.996237088070508,False,False,DVA,0000927066,https://www.sec.gov/Archives/edgar/data/927066/000092706625000012/0000927066-25-000012.txt
2024,2024-01-01,2024-12-31,0000927066-26-000012,2026-02-11,936342000,NetIncomeLoss,12815550000,Revenues,17285268000,Assets,121122000,StockholdersEquity,7.73056917818398,0.07306295867130166,0.7414145965223102,142.70956556199533,True,False,DVA,0000927066,https://www.sec.gov/Archives/edgar/data/927066/000092706626000012/0000927066-26-000012.txt
2025,2025-01-01,2025-12-31,0000927066-26-000012,2026-02-11,746803000,NetIncomeLoss,13643069000,Revenues,17480103000,Assets,-651082000,StockholdersEquity,-1.1470183479193097,0.054738636885879564,0.7804913392100722,-26.847774934647248,True,True,DVA,0000927066,https://www.sec.gov/Archives/edgar/data/927066/000092706626000012/0000927066-26-000012.txt
2020,2020-01-01,2020-12-31,0001093557-22-000014,2022-02-14,493600000,NetIncomeLoss,1926700000,RevenueFromContractWithCustomerExcludingAssessedTax,4290500000,Assets,1826500000,StockholdersEquity,0.2702436353681905,0.2561893392847875,0.44906188089966204,2.349028196003285,False,False,DXCM,0001093557,https://www.sec.gov/Archives/edgar/data/1093557/000109355722000014/0001093557-22-000014.txt
2021,2021-01-01,2021-12-31,0001093557-23-000024,2023-02-09,216900000,NetIncomeLoss,2448500000,RevenueFromContractWithCustomerExcludingAssessedTax,4933300000,Assets,2042100000,StockholdersEquity,0.10621419127368885,0.08858484786604043,0.49632092108730463,2.415797463395524,False,False,DXCM,0001093557,https://www.sec.gov/Archives/edgar/data/1093557/000109355723000024/0001093557-23-000024.txt
2022,2022-01-01,2022-12-31,0001093557-24-000021,2024-02-08,341200000,NetIncomeLoss,2909800000,RevenueFromContractWithCustomerExcludingAssessedTax,5391700000,Assets,2131800000,StockholdersEquity,0.1600525377615161,0.11725891813870369,0.5396813620935883,2.5291772211276857,False,False,DXCM,0001093557,https://www.sec.gov/Archives/edgar/data/1093557/000109355724000021/0001093557-24-000021.txt
2023,2023-01-01,2023-12-31,0001093557-25-000036,2025-02-18,541500000,NetIncomeLoss,3622300000,RevenueFromContractWithCustomerExcludingAssessedTax,6264500000,Assets,2068600000,StockholdersEquity,0.2617712462535048,0.14949065510863263,0.5782265144863916,3.028376679880112,False,False,DXCM,0001093557,https://www.sec.gov/Archives/edgar/data/1093557/000109355725000036/0001093557-25-000036.txt
2024,2024-01-01,2024-12-31,0001093557-26-000027,2026-02-12,576200000,NetIncomeLoss,4033000000,RevenueFromContractWithCustomerExcludingAssessedTax,6484500000,Assets,2102600000,StockholdersEquity,0.2740416627033197,0.14287131167865114,0.6219446372118128,3.0840388090935034,False,False,DXCM,0001093557,https://www.sec.gov/Archives/edgar/data/1093557/000109355726000027/0001093557-26-000027.txt
2025,2025-01-01,2025-12-31,0001093557-26-000027,2026-02-12,836300000,NetIncomeLoss,4662000000,RevenueFromContractWithCustomerExcludingAssessedTax,6339900000,Assets,2746000000,StockholdersEquity,0.3045520757465404,0.17938652938652938,0.7353428287512421,2.3087764020393298,False,False,DXCM,0001093557,https://www.sec.gov/Archives/edgar/data/1093557/000109355726000027/0001093557-26-000027.txt
2022,2022-01-01,2022-12-31,0001099800-24-000004,2024-02-12,1521900000,NetIncomeLoss,5382400000,RevenueFromContractWithCustomerExcludingAssessedTax,8292500000,Assets,5806700000,StockholdersEquity,0.262093788210171,0.28275490487514865,0.6490684353331323,1.4280916871889369,False,False,EW,0001099800,https://www.sec.gov/Archives/edgar/data/1099800/000109980024000004/0001099800-24-000004.txt
2023,2023-01-01,2023-12-31,0001099800-25-000005,2025-02-28,1402400000,NetIncomeLoss,5010000000,RevenueFromContractWithCustomerExcludingAssessedTax,9363200000,Assets,6650000000,StockholdersEquity,0.2108872180451128,0.2799201596806387,0.5350734791524265,1.408,False,False,EW,0001099800,https://www.sec.gov/Archives/edgar/data/1099800/000109980025000005/0001099800-25-000005.txt
2024,2024-01-01,2024-12-31,0001099800-26-000009,2026-02-25,4174600000,NetIncomeLoss,5439500000,RevenueFromContractWithCustomerExcludingAssessedTax,13055300000,Assets,9998400000,StockholdersEquity,0.4175268042886862,0.7674602445077673,0.4166507089074935,1.3057389182269163,False,False,EW,0001099800,https://www.sec.gov/Archives/edgar/data/1099800/000109980026000009/0001099800-26-000009.txt
2025,2025-01-01,2025-12-31,0001099800-26-000009,2026-02-25,1073500000,NetIncomeLoss,6067600000,RevenueFromContractWithCustomerExcludingAssessedTax,13697200000,Assets,10337600000,StockholdersEquity,0.10384421916112056,0.17692333047662998,0.4429810472213299,1.3249883918898004,False,False,EW,0001099800,https://www.sec.gov/Archives/edgar/data/1099800/000109980026000009/0001099800-26-000009.txt
2020,2020-01-01,2020-12-31,0001156039-22-000009,2022-02-16,4572000000,NetIncomeLoss,121867000000,Revenues,86615000000,Assets,33199000000,StockholdersEquity,0.13771499141540408,0.03751630876283161,1.4069964786699762,2.6089641254254645,False,False,ELV,0001156039,https://www.sec.gov/Archives/edgar/data/1156039/000115603922000009/0001156039-22-000009.txt
2021,2021-01-01,2021-12-31,0001156039-23-000007,2023-02-15,6104000000,NetIncomeLoss,138639000000,Revenues,97460000000,Assets,36060000000,StockholdersEquity,0.169273433166944,0.04402801520495676,1.422522060332444,2.7027176927343315,False,False,ELV,0001156039,https://www.sec.gov/Archives/edgar/data/1156039/000115603923000007/0001156039-23-000007.txt
2022,2022-01-01,2022-12-31,0001156039-24-000015,2024-02-21,5894000000,NetIncomeLoss,156595000000,Revenues,102755000000,Assets,36243000000,StockholdersEquity,0.16262450680131335,0.037638494204795814,1.523964770570775,2.8351681704053195,False,False,ELV,0001156039,https://www.sec.gov/Archives/edgar/data/1156039/000115603924000015/0001156039-24-000015.txt
2023,2023-01-01,2023-12-31,0001156039-25-000010,2025-02-20,5987000000,NetIncomeLoss,171340000000,Revenues,108928000000,Assets,39306000000,StockholdersEquity,0.1523177123085534,0.034942220147075986,1.5729656286721505,2.7712817381570245,False,False,ELV,0001156039,https://www.sec.gov/Archives/edgar/data/1156039/000115603925000010/0001156039-25-000010.txt
2024,2024-01-01,2024-12-31,0001156039-26-000013,2026-02-06,5980000000,NetIncomeLoss,177011000000,Revenues,116889000000,Assets,41315000000,StockholdersEquity,0.1447416192666102,0.03378321121286248,1.5143512220995987,2.8292145709790635,False,False,ELV,0001156039,https://www.sec.gov/Archives/edgar/data/1156039/000115603926000013/0001156039-26-000013.txt
2025,2025-01-01,2025-12-31,0001156039-26-000013,2026-02-06,5662000000,NetIncomeLoss,199125000000,Revenues,121494000000,Assets,43882000000,StockholdersEquity,0.1290278474089604,0.028434400502197112,1.6389698256704035,2.7686522947905745,False,False,ELV,0001156039,https://www.sec.gov/Archives/edgar/data/1156039/000115603926000013/0001156039-26-000013.txt
2022,2022-01-01,2022-12-31,0001932393-24-000013,2024-02-06,1916000000,NetIncomeLoss,18341000000,RevenueFromContractWithCustomerExcludingAssessedTax,27539000000,Assets,9357000000,StockholdersEquity,0.2047664849845036,0.1044654053759337,0.6660009441156178,2.9431441701400023,False,False,GEHC,0001932393,https://www.sec.gov/Archives/edgar/data/1932393/000193239324000013/0001932393-24-000013.txt
2023,2023-01-01,2023-12-31,0001932393-25-000005,2025-02-13,1568000000,NetIncomeLoss,19552000000,RevenueFromContractWithCustomerExcludingAssessedTax,32454000000,Assets,7133000000,StockholdersEquity,0.2198233562315996,0.08019639934533551,0.602452702286313,4.549838777512968,False,False,GEHC,0001932393,https://www.sec.gov/Archives/edgar/data/1932393/000193239325000005/0001932393-25-000005.txt
2024,2024-01-01,2024-12-31,0001932393-26-000007,2026-02-04,1993000000,NetIncomeLoss,19672000000,RevenueFromContractWithCustomerExcludingAssessedTax,33089000000,Assets,8446000000,StockholdersEquity,0.23596968979398533,0.10131150874339162,0.594517815588262,3.9177125266398294,False,False,GEHC,0001932393,https://www.sec.gov/Archives/edgar/data/1932393/000193239326000007/0001932393-26-000007.txt
2025,2025-01-01,2025-12-31,0001932393-26-000007,2026-02-04,2084000000,NetIncomeLoss,20625000000,RevenueFromContractWithCustomerExcludingAssessedTax,36906000000,Assets,10379000000,StockholdersEquity,0.2007900568455535,0.10104242424242424,0.5588522191513575,3.5558338953656423,False,False,GEHC,0001932393,https://www.sec.gov/Archives/edgar/data/1932393/000193239326000007/0001932393-26-000007.txt
2020,2020-01-01,2020-12-31,0000882095-22-000007,2022-02-23,123000000,NetIncomeLoss,24689000000,RevenueFromContractWithCustomerExcludingAssessedTax,68407000000,Assets,18202000000,StockholdersEquity,0.006757499175914734,0.004981975778686865,0.3609133568202085,3.7582133831447093,False,False,GILD,0000882095,https://www.sec.gov/Archives/edgar/data/882095/000088209522000007/0000882095-22-000007.txt
2021,2021-01-01,2021-12-31,0000882095-23-000007,2023-02-22,6225000000,NetIncomeLoss,27305000000,RevenueFromContractWithCustomerExcludingAssessedTax,67952000000,Assets,21069000000,StockholdersEquity,0.29545778157482555,0.22798022340230728,0.40182776077230986,3.2252123973610516,False,False,GILD,0000882095,https://www.sec.gov/Archives/edgar/data/882095/000088209523000007/0000882095-23-000007.txt
2022,2022-01-01,2022-12-31,0000882095-24-000007,2024-02-23,4592000000,NetIncomeLoss,27281000000,RevenueFromContractWithCustomerExcludingAssessedTax,63171000000,Assets,21240000000,StockholdersEquity,0.21619585687382298,0.1683222755764085,0.43185955580883634,2.9741525423728814,False,False,GILD,0000882095,https://www.sec.gov/Archives/edgar/data/882095/000088209524000007/0000882095-24-000007.txt
2023,2023-01-01,2023-12-31,0000882095-25-000006,2025-02-28,5665000000,NetIncomeLoss,27116000000,RevenueFromContractWithCustomerExcludingAssessedTax,62125000000,Assets,22833000000,StockholdersEquity,0.24810581176367538,0.20891724443133206,0.4364748490945674,2.7208426400385406,False,False,GILD,0000882095,https://www.sec.gov/Archives/edgar/data/882095/000088209525000006/0000882095-25-000006.txt
2024,2024-01-01,2024-12-31,0000882095-26-000006,2026-02-24,480000000,NetIncomeLoss,28754000000,RevenueFromContractWithCustomerExcludingAssessedTax,58995000000,Assets,19330000000,StockholdersEquity,0.024831867563372995,0.01669332962370453,0.48739723705398763,3.051991722710812,False,False,GILD,0000882095,https://www.sec.gov/Archives/edgar/data/882095/000088209526000006/0000882095-26-000006.txt
2025,2025-01-01,2025-12-31,0000882095-26-000006,2026-02-24,8510000000,NetIncomeLoss,29443000000,RevenueFromContractWithCustomerExcludingAssessedTax,59023000000,Assets,22703000000,StockholdersEquity,0.37484032947187595,0.28903304690418774,0.49883943547430665,2.599788574197243,False,False,GILD,0000882095,https://www.sec.gov/Archives/edgar/data/882095/000088209526000006/0000882095-26-000006.txt
2020,2020-01-01,2020-12-31,0001193125-22-046707,2022-02-18,3754000000,NetIncomeLoss,51533000000,Revenues,47490000000,Assets,572000000,StockholdersEquity,6.562937062937063,0.072846525527332,1.085133712360497,83.02447552447552,False,False,HCA,0000860730,https://www.sec.gov/Archives/edgar/data/860730/000119312522046707/0001193125-22-046707.txt
2021,2021-01-01,2021-12-31,0000950170-23-003234,2023-02-17,6956000000,NetIncomeLoss,58752000000,Revenues,50742000000,Assets,-933000000,StockholdersEquity,-7.455519828510182,0.11839596949891068,1.1578573962398013,-54.38585209003215,True,True,HCA,0000860730,https://www.sec.gov/Archives/edgar/data/860730/000095017023003234/0000950170-23-003234.txt
2022,2022-01-01,2022-12-31,0000950170-24-016524,2024-02-16,5643000000,NetIncomeLoss,60233000000,Revenues,52438000000,Assets,-2767000000,StockholdersEquity,-2.039392844235634,0.09368618531369848,1.1486517411037798,-18.951210697506326,True,True,HCA,0000860730,https://www.sec.gov/Archives/edgar/data/860730/000095017024016524/0000950170-24-016524.txt
2023,2023-01-01,2023-12-31,0000950170-25-020134,2025-02-14,5242000000,NetIncomeLoss,64968000000,Revenues,56211000000,Assets,-1774000000,StockholdersEquity,-2.9549041713641486,0.0806858761236301,1.1557880130223621,-31.686020293122887,True,True,HCA,0000860730,https://www.sec.gov/Archives/edgar/data/860730/000095017025020134/0000950170-25-020134.txt
2024,2024-01-01,2024-12-31,0001193125-26-044769,2026-02-10,5760000000,NetIncomeLoss,70603000000,Revenues,59513000000,Assets,-2499000000,StockholdersEquity,-2.304921968787515,0.08158293556931008,1.1863458404046174,-23.814725890356144,True,True,HCA,0000860730,https://www.sec.gov/Archives/edgar/data/860730/000119312526044769/0001193125-26-044769.txt
2025,2025-01-01,2025-12-31,0001193125-26-044769,2026-02-10,6784000000,NetIncomeLoss,75600000000,Revenues,60720000000,Assets,-6027000000,StockholdersEquity,-1.1256014600962336,0.08973544973544974,1.2450592885375493,-10.074664011946242,True,True,HCA,0000860730,https://www.sec.gov/Archives/edgar/data/860730/000119312526044769/0001193125-26-044769.txt
2020,2019-12-29,2020-12-26,0001000228-22-000016,2022-02-15,403794000,NetIncomeLoss,10119141000,RevenueFromContractWithCustomerExcludingAssessedTax,7772532000,Assets,3348172000,StockholdersEquity,0.12060133111441108,0.03990397999197758,1.3019104971198574,2.321425542056979,False,False,HSIC,0001000228,https://www.sec.gov/Archives/edgar/data/1000228/000100022822000016/0001000228-22-000016.txt
2021,2020-12-27,2021-12-25,0001000228-23-000011,2023-02-21,631000000,NetIncomeLoss,12401000000,RevenueFromContractWithCustomerExcludingAssessedTax,8481000000,Assets,3425000000,StockholdersEquity,0.18423357664233578,0.05088299330699137,1.4622096450890225,2.4762043795620436,False,False,HSIC,0001000228,https://www.sec.gov/Archives/edgar/data/1000228/000100022823000011/0001000228-23-000011.txt
2022,2021-12-26,2022-12-31,0001000228-24-000011,2024-02-28,538000000,NetIncomeLoss,12647000000,RevenueFromContractWithCustomerExcludingAssessedTax,8607000000,Assets,3446000000,StockholdersEquity,0.15612304120719675,0.04253973274294299,1.4693853839897757,2.4976784677887407,False,False,HSIC,0001000228,https://www.sec.gov/Archives/edgar/data/1000228/000100022824000011/0001000228-24-000011.txt
2023,2023-01-01,2023-12-30,0001000228-25-000014,2025-02-25,416000000,NetIncomeLoss,12339000000,RevenueFromContractWithCustomerExcludingAssessedTax,10573000000,Assets,3655000000,StockholdersEquity,0.11381668946648427,0.0337142394035173,1.1670292253854158,2.892749658002736,False,False,HSIC,0001000228,https://www.sec.gov/Archives/edgar/data/1000228/000100022825000014/0001000228-25-000014.txt
2024,2023-12-31,2024-12-28,0001000228-26-000013,2026-02-24,390000000,NetIncomeLoss,12673000000,RevenueFromContractWithCustomerExcludingAssessedTax,10218000000,Assets,3393000000,StockholdersEquity,0.11494252873563218,0.03077408664089008,1.240262282247015,3.0114942528735633,False,False,HSIC,0001000228,https://www.sec.gov/Archives/edgar/data/1000228/000100022826000013/0001000228-26-000013.txt
2025,2024-12-29,2025-12-27,0001000228-26-000013,2026-02-24,398000000,NetIncomeLoss,13184000000,RevenueFromContractWithCustomerExcludingAssessedTax,11215000000,Assets,3245000000,StockholdersEquity,0.1226502311248074,0.030188106796116505,1.1755684351315203,3.4560862865947612,False,False,HSIC,0001000228,https://www.sec.gov/Archives/edgar/data/1000228/000100022826000013/0001000228-26-000013.txt
2020,2020-01-01,2020-12-31,0000049071-22-000017,2022-02-17,3367000000,NetIncomeLoss,77155000000,Revenues,34969000000,Assets,13728000000,StockholdersEquityIncludingPortionAttributableToNoncontrollingInterest minus MinorityInterest,0.24526515151515152,0.04363942712721146,2.206382796190912,2.547275641025641,False,False,HUM,0000049071,https://www.sec.gov/Archives/edgar/data/49071/000004907122000017/0000049071-22-000017.txt
2021,2021-01-01,2021-12-31,0000049071-23-000011,2023-02-16,2933000000,NetIncomeLoss,83064000000,Revenues,44358000000,Assets,16080000000,StockholdersEquity,0.1824004975124378,0.03531012231532312,1.8725821723251725,2.7585820895522386,False,False,HUM,0000049071,https://www.sec.gov/Archives/edgar/data/49071/000004907123000011/0000049071-23-000011.txt
2022,2022-01-01,2022-12-31,0000049071-24-000012,2024-02-15,2806000000,NetIncomeLoss,92870000000,Revenues,43055000000,Assets,15311000000,StockholdersEquity,0.18326693227091634,0.030214278023042964,2.157008477528742,2.812030566259552,False,False,HUM,0000049071,https://www.sec.gov/Archives/edgar/data/49071/000004907124000012/0000049071-24-000012.txt
2023,2023-01-01,2023-12-31,0000049071-25-000007,2025-02-20,2489000000,NetIncomeLoss,106374000000,Revenues,47065000000,Assets,16262000000,StockholdersEquity,0.15305620464887468,0.023398574839716472,2.260150855200255,2.8941704587381625,False,False,HUM,0000049071,https://www.sec.gov/Archives/edgar/data/49071/000004907125000007/0000049071-25-000007.txt
2024,2024-01-01,2024-12-31,0000049071-26-000009,2026-02-19,1207000000,NetIncomeLoss,117761000000,Revenues,46479000000,Assets,16375000000,StockholdersEquity,0.07370992366412214,0.01024957328827031,2.533638847651628,2.838412213740458,False,False,HUM,0000049071,https://www.sec.gov/Archives/edgar/data/49071/000004907126000009/0000049071-26-000009.txt
2025,2025-01-01,2025-12-31,0000049071-26-000009,2026-02-19,1188000000,NetIncomeLoss,129664000000,Revenues,48909000000,Assets,17657000000,StockholdersEquity,0.06728209775159993,0.009162142152023692,2.651127604326402,2.7699495950614486,False,False,HUM,0000049071,https://www.sec.gov/Archives/edgar/data/49071/000004907126000009/0000049071-26-000009.txt
2020,2020-01-01,2020-12-31,0000874716-22-000007,2022-02-16,581776000,NetIncomeLoss,2706655000,RevenueFromContractWithCustomerExcludingAssessedTax,2294561000,Assets,632088000,StockholdersEquity,0.9204034881219071,0.21494279839876157,1.1795960098685543,3.630129032666338,False,False,IDXX,0000874716,https://www.sec.gov/Archives/edgar/data/874716/000087471622000007/0000874716-22-000007.txt
2021,2021-01-01,2021-12-31,0000874716-23-000006,2023-02-16,744845000,NetIncomeLoss,3215360000,RevenueFromContractWithCustomerExcludingAssessedTax,2437203000,Assets,689992000,StockholdersEquity,1.079498023165486,0.23165213226512738,1.3192828008171662,3.532219214135816,False,False,IDXX,0000874716,https://www.sec.gov/Archives/edgar/data/874716/000087471623000006/0000874716-23-000006.txt
2022,2022-01-01,2022-12-31,0000874716-24-000057,2024-02-22,679089000,NetIncomeLoss,3367324000,RevenueFromContractWithCustomerExcludingAssessedTax,2746765000,Assets,608737000,StockholdersEquity,1.1155704351797247,0.20167022834749493,1.2259235864735425,4.512235990255234,False,False,IDXX,0000874716,https://www.sec.gov/Archives/edgar/data/874716/000087471624000057/0000874716-24-000057.txt
2023,2023-01-01,2023-12-31,0000874716-25-000037,2025-02-21,845042000,NetIncomeLoss,3660953000,RevenueFromContractWithCustomerExcludingAssessedTax,3259925000,Assets,1484530000,StockholdersEquity,0.5692320128256081,0.23082568937650935,1.1230175540848333,2.1959306986049456,False,False,IDXX,0000874716,https://www.sec.gov/Archives/edgar/data/874716/000087471625000037/0000874716-25-000037.txt
2024,2024-01-01,2024-12-31,0000874716-26-000038,2026-02-20,887867000,NetIncomeLoss,3897504000,RevenueFromContractWithCustomerExcludingAssessedTax,3293443000,Assets,1595313000,StockholdersEquity,0.5565472104847137,0.22780399968800547,1.1834132243976896,2.0644494215241775,False,False,IDXX,0000874716,https://www.sec.gov/Archives/edgar/data/874716/000087471626000038/0000874716-26-000038.txt
2025,2025-01-01,2025-12-31,0000874716-26-000038,2026-02-20,1059464000,NetIncomeLoss,4303702000,RevenueFromContractWithCustomerExcludingAssessedTax,3350759000,Assets,1605383000,StockholdersEquity,0.6599446985547996,0.24617503721214898,1.2843961621829563,2.087202243950509,False,False,IDXX,0000874716,https://www.sec.gov/Archives/edgar/data/874716/000087471626000038/0000874716-26-000038.txt
2020,2020-01-01,2020-12-31,0001558370-22-000902,2022-02-08,-295697000,NetIncomeLoss,2666702000,RevenueFromContractWithCustomerExcludingAssessedTax,3560918000,Assets,2611268000,StockholdersEquity,-0.11323885560578233,-0.11088490577499849,0.748880485313057,1.3636738932962837,False,False,INCY,0000879169,https://www.sec.gov/Archives/edgar/data/879169/000155837022000902/0001558370-22-000902.txt
2021,2021-01-01,2021-12-31,0000879169-23-000008,2023-02-07,948581000,NetIncomeLoss,2986267000,RevenueFromContractWithCustomerExcludingAssessedTax,4933352000,Assets,3770004000,StockholdersEquity,0.25161273038437093,0.317647752193625,0.6053221014839403,1.308580043946903,False,False,INCY,0000879169,https://www.sec.gov/Archives/edgar/data/879169/000087916923000008/0000879169-23-000008.txt
2022,2022-01-01,2022-12-31,0000879169-24-000045,2024-02-13,340660000,NetIncomeLoss,3394635000,RevenueFromContractWithCustomerExcludingAssessedTax,5840984000,Assets,4370119000,StockholdersEquity,0.07795211068623074,0.10035246793837924,0.5811751923990889,1.3365732145966736,False,False,INCY,0000879169,https://www.sec.gov/Archives/edgar/data/879169/000087916924000045/0000879169-24-000045.txt
2023,2023-01-01,2023-12-31,0001628280-25-004633,2025-02-10,597599000,NetIncomeLoss,3695649000,RevenueFromContractWithCustomerExcludingAssessedTax,6782107000,Assets,5189837000,StockholdersEquity,0.11514793239171095,0.16170339769821215,0.5449116329187965,1.3068053967783575,False,False,INCY,0000879169,https://www.sec.gov/Archives/edgar/data/879169/000162828025004633/0001628280-25-004633.txt
2024,2024-01-01,2024-12-31,0000879169-26-000010,2026-02-10,32615000,NetIncomeLoss,4241217000,RevenueFromContractWithCustomerExcludingAssessedTax,5444322000,Assets,3447628000,StockholdersEquity,0.009460127368730037,0.007690009730697581,0.7790165607397946,1.579150070715286,False,False,INCY,0000879169,https://www.sec.gov/Archives/edgar/data/879169/000087916926000010/0000879169-26-000010.txt
2025,2025-01-01,2025-12-31,0000879169-26-000010,2026-02-10,1286650000,NetIncomeLoss,5141242000,RevenueFromContractWithCustomerExcludingAssessedTax,6957973000,Assets,5167478000,StockholdersEquity,0.24898993280668055,0.2502605401574172,0.7388993892330424,1.3464930087752671,False,False,INCY,0000879169,https://www.sec.gov/Archives/edgar/data/879169/000087916926000010/0000879169-26-000010.txt
2020,2020-01-01,2020-12-31,0001145197-22-000012,2022-02-24,6800000,NetIncomeLoss,904400000,RevenueFromContractWithCustomerExcludingAssessedTax,1872900000,Assets,603600000,StockholdersEquity,0.01126573889993373,0.007518796992481203,0.48288750066741415,3.102882703777336,False,False,PODD,0001145197,https://www.sec.gov/Archives/edgar/data/1145197/000114519722000012/0001145197-22-000012.txt
2021,2021-01-01,2021-12-31,0001145197-23-000020,2023-02-24,16800000,NetIncomeLoss,1098800000,Revenues,2048800000,Assets,556300000,StockholdersEquity,0.030199532626280785,0.015289406625409537,0.5363139398672394,3.6829049074240516,False,False,PODD,0001145197,https://www.sec.gov/Archives/edgar/data/1145197/000114519723000020/0001145197-23-000020.txt
2022,2022-01-01,2022-12-31,0001145197-24-000011,2024-02-23,4600000,NetIncomeLoss,1305300000,Revenues,2251100000,Assets,476400000,StockholdersEquity,0.009655751469353484,0.003524094077989734,0.5798498511838657,4.725230898404702,False,False,PODD,0001145197,https://www.sec.gov/Archives/edgar/data/1145197/000114519724000011/0001145197-24-000011.txt
2023,2023-01-01,2023-12-31,0001145197-25-000007,2025-02-21,206300000,NetIncomeLoss,1697100000,Revenues,2588200000,Assets,732700000,StockholdersEquity,0.28156134843728675,0.12156030876200577,0.6557066687273009,3.5324143578545106,False,False,PODD,0001145197,https://www.sec.gov/Archives/edgar/data/1145197/000114519725000007/0001145197-25-000007.txt
2024,2024-01-01,2024-12-31,0001145197-26-000028,2026-02-18,418300000,NetIncomeLoss,2071600000,Revenues,3087700000,Assets,1211600000,StockholdersEquity,0.3452459557609772,0.20192122031280169,0.6709201023415488,2.5484483327830967,False,False,PODD,0001145197,https://www.sec.gov/Archives/edgar/data/1145197/000114519726000028/0001145197-26-000028.txt
2025,2025-01-01,2025-12-31,0001145197-26-000028,2026-02-18,247100000,NetIncomeLoss,2708100000,Revenues,3190400000,Assets,1515200000,StockholdersEquity,0.1630807814149947,0.09124478416602046,0.8488277331995988,2.105596620908131,False,False,PODD,0001145197,https://www.sec.gov/Archives/edgar/data/1145197/000114519726000028/0001145197-26-000028.txt
2020,2020-01-01,2020-12-31,0001035267-22-000014,2022-02-03,1060600000,NetIncomeLoss,4358400000,RevenueFromContractWithCustomerExcludingAssessedTax,11168900000,Assets,9731500000,StockholdersEquity,0.10898628166264193,0.24334618208516887,0.3902264323254752,1.1477059035092225,False,False,ISRG,0001035267,https://www.sec.gov/Archives/edgar/data/1035267/000103526722000014/0001035267-22-000014.txt
2021,2021-01-01,2021-12-31,0001035267-23-000019,2023-02-10,1704600000,NetIncomeLoss,5710100000,RevenueFromContractWithCustomerExcludingAssessedTax,13555000000,Assets,11901100000,StockholdersEquity,0.14323045768878506,0.29852366858724017,0.42125414976023606,1.138970347278823,False,False,ISRG,0001035267,https://www.sec.gov/Archives/edgar/data/1035267/000103526723000019/0001035267-23-000019.txt
2022,2022-01-01,2022-12-31,0001035267-24-000021,2024-01-31,1322300000,NetIncomeLoss,6222200000,RevenueFromContractWithCustomerExcludingAssessedTax,12974000000,Assets,11041900000,StockholdersEquity,0.11975294106992455,0.2125132589759249,0.4795899491290273,1.1749789438411868,False,False,ISRG,0001035267,https://www.sec.gov/Archives/edgar/data/1035267/000103526724000021/0001035267-24-000021.txt
2023,2023-01-01,2023-12-31,0001035267-25-000017,2025-01-31,1798000000,NetIncomeLoss,7124100000,RevenueFromContractWithCustomerExcludingAssessedTax,15441500000,Assets,13307600000,StockholdersEquity,0.135110763774084,0.25238275712019764,0.4613606191108377,1.1603519793200878,False,False,ISRG,0001035267,https://www.sec.gov/Archives/edgar/data/1035267/000103526725000017/0001035267-25-000017.txt
2024,2024-01-01,2024-12-31,0001035267-26-000010,2026-02-03,2322600000,NetIncomeLoss,8352100000,RevenueFromContractWithCustomerExcludingAssessedTax,18743200000,Assets,16433700000,StockholdersEquity,0.14133153215648334,0.27808575088899795,0.44560694011694907,1.1405343896992157,False,False,ISRG,0001035267,https://www.sec.gov/Archives/edgar/data/1035267/000103526726000010/0001035267-26-000010.txt
2025,2025-01-01,2025-12-31,0001035267-26-000010,2026-02-03,2856000000,NetIncomeLoss,10064700000,RevenueFromContractWithCustomerExcludingAssessedTax,20458700000,Assets,17824000000,StockholdersEquity,0.16023339317773788,0.28376404661837906,0.4919520790666074,1.1478175493716338,False,False,ISRG,0001035267,https://www.sec.gov/Archives/edgar/data/1035267/000103526726000010/0001035267-26-000010.txt
2020,2020-01-01,2020-12-31,0001478242-22-000041,2022-02-16,279000000,NetIncomeLoss,11359000000,RevenueFromContractWithCustomerExcludingAssessedTax,24564000000,Assets,6001000000,StockholdersEquity,0.046492251291451424,0.024562021304692313,0.46242468653313795,4.093317780369938,False,False,IQV,0001478242,https://www.sec.gov/Archives/edgar/data/1478242/000147824222000041/0001478242-22-000041.txt
2021,2021-01-01,2021-12-31,0001478242-22-000041,2022-02-16,966000000,NetIncomeLoss,13874000000,RevenueFromContractWithCustomerExcludingAssessedTax,24689000000,Assets,6042000000,StockholdersEquity,0.15988083416087387,0.06962663975782038,0.5619506662886306,4.086229725256538,False,False,IQV,0001478242,https://www.sec.gov/Archives/edgar/data/1478242/000147824222000041/0001478242-22-000041.txt
2024,2024-01-01,2024-12-31,0001628280-26-008322,2026-02-17,1373000000,NetIncomeLoss,15405000000,RevenueFromContractWithCustomerExcludingAssessedTax,26899000000,Assets,6067000000,StockholdersEquity,0.22630624690951046,0.08912690684842584,0.5726978698092866,4.433657491346629,False,False,IQV,0001478242,https://www.sec.gov/Archives/edgar/data/1478242/000162828026008322/0001628280-26-008322.txt
2025,2025-01-01,2025-12-31,0001628280-26-008322,2026-02-17,1360000000,NetIncomeLoss,16310000000,RevenueFromContractWithCustomerExcludingAssessedTax,29944000000,Assets,6503000000,StockholdersEquity,0.20913424573273873,0.08338442673206621,0.5446834090301896,4.604644010456712,False,False,IQV,0001478242,https://www.sec.gov/Archives/edgar/data/1478242/000162828026008322/0001628280-26-008322.txt
2020,2020-01-01,2020-12-31,0000920148-22-000015,2022-02-25,1556100000,NetIncomeLoss,13978500000,Revenues,20071700000,Assets,9436600000,StockholdersEquity,0.1649004938219274,0.11132095718424724,0.6964283045282662,2.1270054892652013,False,False,LH,0000920148,https://www.sec.gov/Archives/edgar/data/920148/000092014822000015/0000920148-22-000015.txt
2021,2021-01-01,2021-12-31,0000920148-23-000017,2023-02-28,2377300000,NetIncomeLoss,16120900000,Revenues,20385400000,Assets,10273400000,StockholdersEquity,0.23140343021784415,0.14746695283762074,0.7908061651966604,1.9842895244028267,False,False,LH,0000920148,https://www.sec.gov/Archives/edgar/data/920148/000092014823000017/0000920148-23-000017.txt
2022,2022-01-01,2022-12-31,0000920148-24-000014,2024-02-26,1279100000,NetIncomeLoss,11863900000,Revenues,20155100000,Assets,10096600000,StockholdersEquity,0.12668621119980983,0.10781446236060654,0.5886301730083204,1.996226452469148,False,False,LH,0000920148,https://www.sec.gov/Archives/edgar/data/920148/000092014824000014/0000920148-24-000014.txt
2023,2023-01-01,2023-12-31,0000920148-25-000032,2025-02-25,418000000,NetIncomeLoss,12161600000,Revenues,16725100000,Assets,7875000000,StockholdersEquity,0.05307936507936508,0.034370477568740954,0.7271466239364787,2.123822222222222,False,False,LH,0000920148,https://www.sec.gov/Archives/edgar/data/920148/000092014825000032/0000920148-25-000032.txt
2024,2024-01-01,2024-12-31,0000920148-26-000111,2026-02-24,746000000,NetIncomeLoss,13008900000,Revenues,18379000000,Assets,8052200000,StockholdersEquity,0.0926454881895631,0.05734535587174934,0.7078132651395614,2.2824818062144505,False,False,LH,0000920148,https://www.sec.gov/Archives/edgar/data/920148/000092014826000111/0000920148-26-000111.txt
2025,2025-01-01,2025-12-31,0000920148-26-000111,2026-02-24,876500000,NetIncomeLoss,13951700000,Revenues,18392700000,Assets,8619800000,StockholdersEquity,0.10168449383976426,0.06282388526129433,0.7585455099033855,2.1337734054154387,False,False,LH,0000920148,https://www.sec.gov/Archives/edgar/data/920148/000092014826000111/0000920148-26-000111.txt
2020,2020-01-01,2020-12-31,0000059478-22-000068,2022-02-23,6193700000,NetIncomeLoss,24539800000,Revenues,46633100000,Assets,5641600000,StockholdersEquity,1.0978623085649462,0.25239407004132064,0.5262313678481594,8.265935195689167,False,False,LLY,0000059478,https://www.sec.gov/Archives/edgar/data/59478/000005947822000068/0000059478-22-000068.txt
2021,2021-01-01,2021-12-31,0000059478-23-000082,2023-02-22,5581700000,NetIncomeLoss,28318400000,Revenues,48806000000,Assets,8979200000,StockholdersEquity,0.6216255345687812,0.19710506243290582,0.5802237429824202,5.435450819672131,False,False,LLY,0000059478,https://www.sec.gov/Archives/edgar/data/59478/000005947823000082/0000059478-23-000082.txt
2022,2022-01-01,2022-12-31,0000059478-24-000065,2024-02-21,6244800000,NetIncomeLoss,28541400000,Revenues,49489800000,Assets,10649800000,StockholdersEquity,0.5863772089616707,0.21879795665244173,0.5767127771783277,4.6470168453867675,False,False,LLY,0000059478,https://www.sec.gov/Archives/edgar/data/59478/000005947824000065/0000059478-24-000065.txt
2023,2023-01-01,2023-12-31,0000059478-25-000067,2025-02-19,5240400000,NetIncomeLoss,34124100000,Revenues,64006300000,Assets,10771900000,StockholdersEquity,0.4864879919048636,0.15356888533323956,0.5331365818677224,5.941969383302853,False,False,LLY,0000059478,https://www.sec.gov/Archives/edgar/data/59478/000005947825000067/0000059478-25-000067.txt
2024,2024-01-01,2024-12-31,0000059478-26-000013,2026-02-12,10590000000,NetIncomeLoss,45043000000,Revenues,78715000000,Assets,14272000000,StockholdersEquity,0.7420123318385651,0.23510867393379659,0.572228927142222,5.515344730941704,False,False,LLY,0000059478,https://www.sec.gov/Archives/edgar/data/59478/000005947826000013/0000059478-26-000013.txt
2025,2025-01-01,2025-12-31,0000059478-26-000013,2026-02-12,20640000000,NetIncomeLoss,65179000000,Revenues,112476000000,Assets,26535000000,StockholdersEquity,0.7778405879027699,0.31666641096058545,0.5794925139585334,4.238778971170152,False,False,LLY,0000059478,https://www.sec.gov/Archives/edgar/data/59478/000005947826000013/0000059478-26-000013.txt
2020,2019-04-01,2020-03-31,0000927653-21-000039,2021-05-12,900000000,NetIncomeLoss,231051000000,RevenueFromContractWithCustomerExcludingAssessedTax,61247000000,Assets,5092000000,StockholdersEquity,0.1767478397486253,0.003895243907189322,3.7724459973549727,12.028083267871171,False,False,MCK,0000927653,https://www.sec.gov/Archives/edgar/data/927653/000092765321000039/0000927653-21-000039.txt
2021,2020-04-01,2021-03-31,0000927653-22-000051,2022-05-09,-4539000000,NetIncomeLoss,238228000000,RevenueFromContractWithCustomerExcludingAssessedTax,65015000000,Assets,-21000000,StockholdersEquity,216.14285714285714,-0.019053175949090787,3.664200569099439,-3095.9523809523807,True,True,MCK,0000927653,https://www.sec.gov/Archives/edgar/data/927653/000092765322000051/0000927653-22-000051.txt
2022,2021-04-01,2022-03-31,0000927653-23-000038,2023-05-09,1114000000,NetIncomeLoss,263966000000,RevenueFromContractWithCustomerExcludingAssessedTax,63298000000,Assets,-2272000000,StockholdersEquity,-0.4903169014084507,0.0042202404855170746,4.1702107491547915,-27.860035211267604,True,True,MCK,0000927653,https://www.sec.gov/Archives/edgar/data/927653/000092765323000038/0000927653-23-000038.txt
2023,2022-04-01,2023-03-31,0000927653-24-000035,2024-05-08,3560000000,NetIncomeLoss,276711000000,RevenueFromContractWithCustomerExcludingAssessedTax,62320000000,Assets,-1857000000,StockholdersEquity,-1.9170705438879914,0.01286540831408943,4.440163671373556,-33.55950457727518,True,True,MCK,0000927653,https://www.sec.gov/Archives/edgar/data/927653/000092765324000035/0000927653-24-000035.txt
2024,2023-04-01,2024-03-31,0000927653-25-000036,2025-05-09,3002000000,NetIncomeLoss,308951000000,RevenueFromContractWithCustomerExcludingAssessedTax,67443000000,Assets,-1971000000,StockholdersEquity,-1.5230847285641806,0.009716751200028484,4.580920184452056,-34.21765601217656,True,True,MCK,0000927653,https://www.sec.gov/Archives/edgar/data/927653/000092765325000036/0000927653-25-000036.txt
2025,2024-04-01,2025-03-31,0000927653-26-000069,2026-05-08,3295000000,NetIncomeLoss,359051000000,RevenueFromContractWithCustomerExcludingAssessedTax,75140000000,Assets,-2074000000,StockholdersEquity,-1.5887174541947926,0.00917696928848548,4.778426936385414,-36.22950819672131,True,True,MCK,0000927653,https://www.sec.gov/Archives/edgar/data/927653/000092765326000069/0000927653-26-000069.txt
2020,2019-04-27,2020-04-24,0001613103-21-000027,2021-06-25,4789000000,NetIncomeLoss,28913000000,RevenueFromContractWithCustomerExcludingAssessedTax,90689000000,Assets,50737000000,StockholdersEquity,0.09438871040857756,0.16563483554110608,0.31881485075367466,1.7874332341289394,False,False,MDT,0001613103,https://www.sec.gov/Archives/edgar/data/1613103/000161310321000027/0001613103-21-000027.txt
2021,2020-04-25,2021-04-30,0001613103-22-000023,2022-06-23,3606000000,NetIncomeLoss,30117000000,RevenueFromContractWithCustomerExcludingAssessedTax,93083000000,Assets,51428000000,StockholdersEquity,0.07011744574939721,0.11973304113955573,0.32354995004458387,1.8099673329703663,False,False,MDT,0001613103,https://www.sec.gov/Archives/edgar/data/1613103/000161310322000023/0001613103-22-000023.txt
2022,2021-05-01,2022-04-29,0001613103-23-000040,2023-06-22,5039000000,NetIncomeLoss,31686000000,RevenueFromContractWithCustomerExcludingAssessedTax,90981000000,Assets,52551000000,StockholdersEquity,0.09588780422827349,0.1590292242630815,0.348270518020246,1.7312896043843125,False,False,MDT,0001613103,https://www.sec.gov/Archives/edgar/data/1613103/000161310323000040/0001613103-23-000040.txt
2023,2022-04-30,2023-04-28,0001613103-24-000072,2024-06-20,3758000000,NetIncomeLoss,31227000000,RevenueFromContractWithCustomerExcludingAssessedTax,90948000000,Assets,51483000000,StockholdersEquity,0.07299496921313832,0.12034457360617415,0.34335004618023485,1.7665637200629334,False,False,MDT,0001613103,https://www.sec.gov/Archives/edgar/data/1613103/000161310324000072/0001613103-24-000072.txt
2024,2023-04-29,2024-04-26,0001613103-25-000091,2025-06-20,3676000000,NetIncomeLoss,32364000000,RevenueFromContractWithCustomerExcludingAssessedTax,89981000000,Assets,50214000000,StockholdersEquity,0.07320667542916318,0.11358299344951181,0.35967593158555694,1.791950452065161,False,False,MDT,0001613103,https://www.sec.gov/Archives/edgar/data/1613103/000161310325000091/0001613103-25-000091.txt
2025,2024-04-27,2025-04-25,0001628280-26-044354,2026-06-18,4662000000,NetIncomeLoss,33537000000,RevenueFromContractWithCustomerExcludingAssessedTax,91680000000,Assets,48024000000,StockholdersEquity,0.09707646176911544,0.13901064495929868,0.3658049738219895,1.9090454772613694,False,False,MDT,0001613103,https://www.sec.gov/Archives/edgar/data/1613103/000162828026044354/0001628280-26-044354.txt
2020,2020-01-01,2020-12-31,0000310158-22-000003,2022-02-25,7067000000,NetIncomeLoss,41518000000,Revenues,91588000000,Assets,25317000000,StockholdersEquity,0.2791404984792827,0.1702153282913435,0.4533126610472988,3.617648220563258,False,False,MRK,0000310158,https://www.sec.gov/Archives/edgar/data/310158/000031015822000003/0000310158-22-000003.txt
2021,2021-01-01,2021-12-31,0001628280-23-005061,2023-02-24,13049000000,NetIncomeLoss,48704000000,Revenues,105694000000,Assets,38184000000,StockholdersEquity,0.3417399958097633,0.26792460578186594,0.4608019376691203,2.768018018018018,False,False,MRK,0000310158,https://www.sec.gov/Archives/edgar/data/310158/000162828023005061/0001628280-23-005061.txt
2022,2022-01-01,2022-12-31,0001628280-24-006850,2024-02-26,14519000000,NetIncomeLoss,59283000000,Revenues,109160000000,Assets,45991000000,StockholdersEquity,0.31569220064795284,0.24491000792807383,0.543083547086845,2.373507860233524,False,False,MRK,0000310158,https://www.sec.gov/Archives/edgar/data/310158/000162828024006850/0001628280-24-006850.txt
2023,2023-01-01,2023-12-31,0001628280-25-007732,2025-02-25,365000000,NetIncomeLoss,60115000000,Revenues,106675000000,Assets,37581000000,StockholdersEquity,0.009712354647295175,0.006071695916160692,0.5635340988985236,2.8385354301375694,False,False,MRK,0000310158,https://www.sec.gov/Archives/edgar/data/310158/000162828025007732/0001628280-25-007732.txt
2024,2024-01-01,2024-12-31,0000310158-26-000063,2026-02-24,17117000000,NetIncomeLoss,64168000000,Revenues,117106000000,Assets,46313000000,StockholdersEquity,0.3695938505387256,0.2667528986410672,0.5479480129113794,2.5285772893140157,False,False,MRK,0000310158,https://www.sec.gov/Archives/edgar/data/310158/000031015826000063/0000310158-26-000063.txt
2025,2025-01-01,2025-12-31,0000310158-26-000063,2026-02-24,18254000000,NetIncomeLoss,65011000000,Revenues,136866000000,Assets,52606000000,StockholdersEquity,0.34699463939474584,0.2807832520650351,0.4749974427542268,2.6017184351594875,False,False,MRK,0000310158,https://www.sec.gov/Archives/edgar/data/310158/000031015826000063/0000310158-26-000063.txt
2020,2020-01-01,2020-12-31,0001037646-23-000005,2023-02-10,602739000,NetIncomeLoss,3085177000,RevenueFromContractWithCustomerExcludingAssessedTax,2814549000,Assets,282675000,StockholdersEquity,2.1322685062350755,0.1953661005511191,1.0961532380498615,9.956837357389228,False,False,MTD,0001037646,https://www.sec.gov/Archives/edgar/data/1037646/000103764623000005/0001037646-23-000005.txt
2021,2021-01-01,2021-12-31,0001037646-24-000007,2024-02-09,768985000,NetIncomeLoss,3717930000,RevenueFromContractWithCustomerExcludingAssessedTax,3326798000,Assets,171421000,StockholdersEquity,4.4859439625250115,0.20683148956543024,1.117570107953654,19.40717881706442,False,False,MTD,0001037646,https://www.sec.gov/Archives/edgar/data/1037646/000103764624000007/0001037646-24-000007.txt
2022,2022-01-01,2022-12-31,0001037646-25-000012,2025-02-07,872502000,NetIncomeLoss,3919709000,RevenueFromContractWithCustomerExcludingAssessedTax,3492395000,Assets,24793000,StockholdersEquity,35.19146533295688,0.22259356498148206,1.1223555754718466,140.8621385068366,True,False,MTD,0001037646,https://www.sec.gov/Archives/edgar/data/1037646/000103764625000012/0001037646-25-000012.txt
2023,2023-01-01,2023-12-31,0001037646-26-000011,2026-02-06,788778000,NetIncomeLoss,3788309000,RevenueFromContractWithCustomerExcludingAssessedTax,3355555000,Assets,-149938000,StockholdersEquity,-5.260694420360416,0.208213743915821,1.12896644519312,-22.379616908322106,True,True,MTD,0001037646,https://www.sec.gov/Archives/edgar/data/1037646/000103764626000011/0001037646-26-000011.txt
2024,2024-01-01,2024-12-31,0001037646-26-000011,2026-02-06,863140000,NetIncomeLoss,3872361000,RevenueFromContractWithCustomerExcludingAssessedTax,3239999000,Assets,-126890000,StockholdersEquity,-6.8022696824020805,0.22289760691216548,1.1951735170288633,-25.533919142564425,True,True,MTD,0001037646,https://www.sec.gov/Archives/edgar/data/1037646/000103764626000011/0001037646-26-000011.txt
2025,2025-01-01,2025-12-31,0001037646-26-000011,2026-02-06,869193000,NetIncomeLoss,4026399000,RevenueFromContractWithCustomerExcludingAssessedTax,3712646000,Assets,-23636000,StockholdersEquity,-36.77411575562701,0.2158735386135353,1.0845092691304261,-157.07590116771027,True,True,MTD,0001037646,https://www.sec.gov/Archives/edgar/data/1037646/000103764626000011/0001037646-26-000011.txt
2020,2020-01-01,2020-12-31,0001682852-22-000012,2022-02-25,-747000000,NetIncomeLoss,803000000,Revenues,7337000000,Assets,2561000000,StockholdersEquity,-0.2916829363529871,-0.9302615193026152,0.10944527736131934,2.864896524795002,False,False,MRNA,0001682852,https://www.sec.gov/Archives/edgar/data/1682852/000168285222000012/0001682852-22-000012.txt
2021,2021-01-01,2021-12-31,0001682852-23-000011,2023-02-24,12202000000,NetIncomeLoss,18471000000,Revenues,24669000000,Assets,14145000000,StockholdersEquity,0.862636974195829,0.660603107574035,0.7487534962908914,1.7440084835630965,False,False,MRNA,0001682852,https://www.sec.gov/Archives/edgar/data/1682852/000168285223000011/0001682852-23-000011.txt
2022,2022-01-01,2022-12-31,0001682852-24-000015,2024-02-23,8362000000,NetIncomeLoss,19263000000,RevenueFromContractWithCustomerExcludingAssessedTax,25858000000,Assets,19123000000,StockholdersEquity,0.43727448622078124,0.4340964543425219,0.7449532059710727,1.3521936934581393,False,False,MRNA,0001682852,https://www.sec.gov/Archives/edgar/data/1682852/000168285224000015/0001682852-24-000015.txt
2023,2023-01-01,2023-12-31,0001682852-25-000022,2025-02-21,-4714000000,NetIncomeLoss,6848000000,RevenueFromContractWithCustomerExcludingAssessedTax,18426000000,Assets,13854000000,StockholdersEquity,-0.34026274000288725,-0.688376168224299,0.3716487571909259,1.3300129926375055,False,False,MRNA,0001682852,https://www.sec.gov/Archives/edgar/data/1682852/000168285225000022/0001682852-25-000022.txt
2024,2024-01-01,2024-12-31,0001682852-26-000033,2026-02-20,-3561000000,NetIncomeLoss,3236000000,RevenueFromContractWithCustomerExcludingAssessedTax,14142000000,Assets,10901000000,StockholdersEquity,-0.32666727823135494,-1.1004326328800988,0.22882194880497808,1.2973121731951198,False,False,MRNA,0001682852,https://www.sec.gov/Archives/edgar/data/1682852/000168285226000033/0001682852-26-000033.txt
2025,2025-01-01,2025-12-31,0001682852-26-000033,2026-02-20,-2822000000,NetIncomeLoss,1944000000,RevenueFromContractWithCustomerExcludingAssessedTax,12338000000,Assets,8650000000,StockholdersEquity,-0.326242774566474,-1.4516460905349795,0.1575620035662182,1.4263583815028902,False,False,MRNA,0001682852,https://www.sec.gov/Archives/edgar/data/1682852/000168285226000033/0001682852-26-000033.txt
2020,2020-01-01,2020-12-31,0000078003-22-000027,2022-02-24,9159000000,NetIncomeLoss,41651000000,RevenueFromContractWithCustomerExcludingAssessedTax,154229000000,Assets,63238000000,StockholdersEquity,0.14483380246054586,0.21989868190439604,0.2700594570411531,2.4388658717859513,False,False,PFE,0000078003,https://www.sec.gov/Archives/edgar/data/78003/000007800322000027/0000078003-22-000027.txt
2021,2021-01-01,2021-12-31,0000078003-23-000024,2023-02-23,21979000000,NetIncomeLoss,81288000000,Revenues,181476000000,Assets,77201000000,StockholdersEquity,0.284698384735949,0.27038431256766066,0.44792699861138663,2.3506949391847254,False,False,PFE,0000078003,https://www.sec.gov/Archives/edgar/data/78003/000007800323000024/0000078003-23-000024.txt
2022,2022-01-01,2022-12-31,0000078003-24-000039,2024-02-22,31372000000,NetIncomeLoss,100330000000,Revenues,197205000000,Assets,95661000000,StockholdersEquity,0.3279497391831572,0.3126881291737267,0.5087599198803275,2.0614984162824976,False,False,PFE,0000078003,https://www.sec.gov/Archives/edgar/data/78003/000007800324000039/0000078003-24-000039.txt
2023,2023-01-01,2023-12-31,0000078003-25-000054,2025-02-27,2119000000,NetIncomeLoss,59553000000,Revenues,226501000000,Assets,89014000000,StockholdersEquity,0.023805244118902644,0.03558175070945208,0.2629259914967263,2.5445547891342937,False,False,PFE,0000078003,https://www.sec.gov/Archives/edgar/data/78003/000007800325000054/0000078003-25-000054.txt
2024,2024-01-01,2024-12-31,0000078003-26-000026,2026-02-26,8031000000,NetIncomeLoss,63627000000,Revenues,213396000000,Assets,88203000000,StockholdersEquity,0.09105132478487127,0.1262200009429959,0.2981639768318057,2.419373490697595,False,False,PFE,0000078003,https://www.sec.gov/Archives/edgar/data/78003/000007800326000026/0000078003-26-000026.txt
2025,2025-01-01,2025-12-31,0000078003-26-000026,2026-02-26,7771000000,NetIncomeLoss,62579000000,Revenues,208160000000,Assets,86476000000,StockholdersEquity,0.0898630833988621,0.12417903769635182,0.3006293235972329,2.4071418659512465,False,False,PFE,0000078003,https://www.sec.gov/Archives/edgar/data/78003/000007800326000026/0000078003-26-000026.txt
2020,2020-01-01,2020-12-31,0001022079-22-000027,2022-02-28,1431000000,NetIncomeLoss,9437000000,RevenueFromContractWithCustomerExcludingAssessedTax,14026000000,Assets,6759000000,StockholdersEquity,0.21171770972037285,0.15163717283034864,0.6728219021816626,2.0751590471963306,False,False,DGX,0001022079,https://www.sec.gov/Archives/edgar/data/1022079/000102207922000027/0001022079-22-000027.txt
2021,2021-01-01,2021-12-31,0001022079-23-000018,2023-02-21,1995000000,NetIncomeLoss,10788000000,RevenueFromContractWithCustomerExcludingAssessedTax,13611000000,Assets,6444000000,StockholdersEquity,0.3095903165735568,0.18492769744160178,0.7925942252589817,2.1121973929236497,False,False,DGX,0001022079,https://www.sec.gov/Archives/edgar/data/1022079/000102207923000018/0001022079-23-000018.txt
2022,2022-01-01,2022-12-31,0001022079-24-000041,2024-02-22,946000000,NetIncomeLoss,9883000000,RevenueFromContractWithCustomerExcludingAssessedTax,12837000000,Assets,5893000000,StockholdersEquity,0.16052944171050398,0.09571992310027319,0.7698839292669627,2.178347191583234,False,False,DGX,0001022079,https://www.sec.gov/Archives/edgar/data/1022079/000102207924000041/0001022079-24-000041.txt
2023,2023-01-01,2023-12-31,0001022079-25-000044,2025-02-20,854000000,NetIncomeLoss,9252000000,RevenueFromContractWithCustomerExcludingAssessedTax,14022000000,Assets,6307000000,StockholdersEquity,0.13540510543840178,0.09230436662343278,0.6598202824133504,2.223244014586967,False,False,DGX,0001022079,https://www.sec.gov/Archives/edgar/data/1022079/000102207925000044/0001022079-25-000044.txt
2024,2024-01-01,2024-12-31,0001022079-26-000015,2026-02-26,871000000,NetIncomeLoss,9872000000,RevenueFromContractWithCustomerExcludingAssessedTax,16153000000,Assets,6778000000,StockholdersEquity,0.1285039834759516,0.08822933549432739,0.6111558224478425,2.3831513720861612,False,False,DGX,0001022079,https://www.sec.gov/Archives/edgar/data/1022079/000102207926000015/0001022079-26-000015.txt
2025,2025-01-01,2025-12-31,0001022079-26-000015,2026-02-26,992000000,NetIncomeLoss,11035000000,RevenueFromContractWithCustomerExcludingAssessedTax,16225000000,Assets,7170000000,StockholdersEquity,0.13835425383542538,0.08989578613502493,0.6801232665639445,2.262900976290098,False,False,DGX,0001022079,https://www.sec.gov/Archives/edgar/data/1022079/000102207926000015/0001022079-26-000015.txt
2020,2020-01-01,2020-12-31,0001804220-22-000007,2022-02-07,3513200000,NetIncomeLoss,8497100000,RevenueFromContractWithCustomerExcludingAssessedTax,17163300000,Assets,11025300000,StockholdersEquity,0.3186489256528167,0.41345870944204494,0.4950737911706956,1.5567195450463933,False,False,REGN,0000872589,https://www.sec.gov/Archives/edgar/data/872589/000180422022000007/0001804220-22-000007.txt
2021,2021-01-01,2021-12-31,0001804220-23-000008,2023-02-06,8075300000,NetIncomeLoss,16071700000,RevenueFromContractWithCustomerExcludingAssessedTax,25434800000,Assets,18768800000,StockholdersEquity,0.43025126806188996,0.5024546252107742,0.6318783713652162,1.3551638890072888,False,False,REGN,0000872589,https://www.sec.gov/Archives/edgar/data/872589/000180422023000008/0001804220-23-000008.txt
2022,2022-01-01,2022-12-31,0001804220-24-000009,2024-02-05,4338400000,NetIncomeLoss,12172900000,RevenueFromContractWithCustomerExcludingAssessedTax,29214500000,Assets,22664000000,StockholdersEquity,0.19142252029650547,0.35639822885261524,0.4166732273357408,1.2890266501941405,False,False,REGN,0000872589,https://www.sec.gov/Archives/edgar/data/872589/000180422024000009/0001804220-24-000009.txt
2023,2023-01-01,2023-12-31,0001804220-25-000011,2025-02-05,3953600000,NetIncomeLoss,13117200000,RevenueFromContractWithCustomerExcludingAssessedTax,33080200000,Assets,25973100000,StockholdersEquity,0.15221902660829859,0.3014057878205715,0.3965272277676677,1.273633105020194,False,False,REGN,0000872589,https://www.sec.gov/Archives/edgar/data/872589/000180422025000011/0001804220-25-000011.txt
2024,2024-01-01,2024-12-31,0000872589-26-000008,2026-02-04,4412600000,NetIncomeLoss,14202000000,RevenueFromContractWithCustomerExcludingAssessedTax,37759400000,Assets,29353600000,StockholdersEquity,0.1503256840728224,0.3107027179270525,0.37611826459106873,1.286363512482285,False,False,REGN,0000872589,https://www.sec.gov/Archives/edgar/data/872589/000087258926000008/0000872589-26-000008.txt
2025,2025-01-01,2025-12-31,0000872589-26-000008,2026-02-04,4504900000,NetIncomeLoss,14342900000,RevenueFromContractWithCustomerExcludingAssessedTax,40558700000,Assets,31256900000,StockholdersEquity,0.14412497720503312,0.31408571488332204,0.35363312926696366,1.2975918917103104,False,False,REGN,0000872589,https://www.sec.gov/Archives/edgar/data/872589/000087258926000008/0000872589-26-000008.txt
2020,2019-07-01,2020-06-30,0000943819-21-000017,2021-08-17,621674000,NetIncomeLoss,2957013000,RevenueFromContractWithCustomerExcludingAssessedTax,4587376000,Assets,2497027000,StockholdersEquity,0.24896566997473396,0.21023715485863606,0.6445979139272647,1.8371351210859954,False,False,RMD,0000943819,https://www.sec.gov/Archives/edgar/data/943819/000094381921000017/0000943819-21-000017.txt
2021,2020-07-01,2021-06-30,0000943819-22-000010,2022-08-12,474505000,NetIncomeLoss,3196825000,RevenueFromContractWithCustomerExcludingAssessedTax,4728125000,Assets,2885679000,StockholdersEquity,0.16443443640127678,0.1484300829729497,0.6761295439524124,1.6384791932851852,False,False,RMD,0000943819,https://www.sec.gov/Archives/edgar/data/943819/000094381922000010/0000943819-22-000010.txt
2022,2021-07-01,2022-06-30,0000943819-23-000011,2023-08-11,779437000,NetIncomeLoss,3578127000,RevenueFromContractWithCustomerExcludingAssessedTax,5095853000,Assets,3360751000,StockholdersEquity,0.23192345996475192,0.21783379963874955,0.7021644855140052,1.516284009139624,False,False,RMD,0000943819,https://www.sec.gov/Archives/edgar/data/943819/000094381923000011/0000943819-23-000011.txt
2023,2022-07-01,2023-06-30,0000943819-24-000013,2024-08-09,897556000,NetIncomeLoss,4222993000,RevenueFromContractWithCustomerExcludingAssessedTax,6751708000,Assets,4129903000,StockholdersEquity,0.2173310123748669,0.21254025284910488,0.62547032543469,1.6348345227478709,False,False,RMD,0000943819,https://www.sec.gov/Archives/edgar/data/943819/000094381924000013/0000943819-24-000013.txt
2024,2023-07-01,2024-06-30,0000943819-25-000035,2025-08-08,1020951000,NetIncomeLoss,4685297000,RevenueFromContractWithCustomerExcludingAssessedTax,6872394000,Assets,4864043000,StockholdersEquity,0.2098976098689917,0.21790528967533968,0.6817561682290043,1.412897459993672,False,False,RMD,0000943819,https://www.sec.gov/Archives/edgar/data/943819/000094381925000035/0000943819-25-000035.txt
2025,2024-07-01,2025-06-30,0000943819-26-000047,2026-08-13,1400723000,NetIncomeLoss,5146327000,RevenueFromContractWithCustomerExcludingAssessedTax,8174391000,Assets,5967859000,StockholdersEquity,0.23471114180144,0.27217916778315876,0.6295670221793893,1.3697359471797173,False,False,RMD,0000943819,https://www.sec.gov/Archives/edgar/data/943819/000094381926000047/0000943819-26-000047.txt
2020,2019-12-30,2021-01-03,0000031791-22-000003,2022-03-03,727887000,NetIncomeLoss,3782745000,RevenueFromContractWithCustomerExcludingAssessedTax,7960315000,Assets,3735492000,StockholdersEquity,0.19485706300535513,0.19242296268979273,0.47520041606393715,2.1309950603561725,False,False,RVTY,0000031791,https://www.sec.gov/Archives/edgar/data/31791/000003179122000003/0000031791-22-000003.txt
2021,2021-01-04,2022-01-02,0000031791-23-000004,2023-03-01,943157000,NetIncomeLoss,3827808000,RevenueFromContractWithCustomerExcludingAssessedTax,15000554000,Assets,7141245000,StockholdersEquity,0.13207178860268762,0.2463961097317316,0.25517777543416065,2.1005516545084224,False,False,RVTY,0000031791,https://www.sec.gov/Archives/edgar/data/31791/000003179123000004/0000031791-23-000004.txt
2022,2022-01-03,2023-01-01,0000031791-24-000004,2024-02-27,569179000,NetIncomeLoss,3311822000,RevenueFromContractWithCustomerExcludingAssessedTax,14129855000,Assets,7382876000,StockholdersEquity,0.07709448187941935,0.1718627993895807,0.23438471236965985,1.9138686603973845,False,False,RVTY,0000031791,https://www.sec.gov/Archives/edgar/data/31791/000003179124000004/0000031791-24-000004.txt
2023,2023-01-02,2023-12-31,0000031791-25-000009,2025-02-25,693094000,NetIncomeLoss,2750571000,RevenueFromContractWithCustomerExcludingAssessedTax,13564665000,Assets,7872739000,StockholdersEquity,0.08803721296997144,0.2519818612208156,0.20277470914320406,1.7229918329567384,False,False,RVTY,0000031791,https://www.sec.gov/Archives/edgar/data/31791/000003179125000009/0000031791-25-000009.txt
2024,2024-01-01,2024-12-29,0000031791-26-000012,2026-02-24,270385000,NetIncomeLoss,2755026000,RevenueFromContractWithCustomerExcludingAssessedTax,12392478000,Assets,7666874000,StockholdersEquity,0.03526665496263536,0.09814244947234618,0.22231437489741762,1.6163664617417737,False,False,RVTY,0000031791,https://www.sec.gov/Archives/edgar/data/31791/000003179126000012/0000031791-26-000012.txt
2025,2024-12-30,2025-12-28,0000031791-26-000012,2026-02-24,241201000,NetIncomeLoss,2856051000,RevenueFromContractWithCustomerExcludingAssessedTax,12168411000,Assets,7250360000,StockholdersEquity,0.03326745154723352,0.08445262357009731,0.23471026742932993,1.678318180062783,False,False,RVTY,0000031791,https://www.sec.gov/Archives/edgar/data/31791/000003179126000012/0000031791-26-000012.txt
2023,2023-01-01,2023-12-31,0001964738-25-000019,2025-02-28,1346000000,NetIncomeLoss,8197000000,Revenues,13943000000,Assets,11666000000,StockholdersEquity,0.11537802160123435,0.16420641698182262,0.587893566664276,1.1951825818618207,False,False,SOLV,0001964738,https://www.sec.gov/Archives/edgar/data/1964738/000196473825000019/0001964738-25-000019.txt
2024,2024-01-01,2024-12-31,0001964738-26-000007,2026-02-27,479000000,NetIncomeLoss,8254000000,Revenues,14457000000,Assets,2959000000,StockholdersEquity,0.16187901318012843,0.05803246910588805,0.5709344954001522,4.885772220344711,False,False,SOLV,0001964738,https://www.sec.gov/Archives/edgar/data/1964738/000196473826000007/0001964738-26-000007.txt
2025,2025-01-01,2025-12-31,0001964738-26-000007,2026-02-27,1556000000,NetIncomeLoss,8325000000,Revenues,14294000000,Assets,5049000000,StockholdersEquity,0.3081798375916023,0.1869069069069069,0.5824122009234644,2.8310556545850663,False,False,SOLV,0001964738,https://www.sec.gov/Archives/edgar/data/1964738/000196473826000007/0001964738-26-000007.txt
2020,2019-04-01,2020-03-31,0001757898-21-000017,2021-05-28,407659000,NetIncomeLoss,3030895000,Revenues,5440867000,Assets,3405362000,StockholdersEquity,0.11971091472800836,0.13450119519151935,0.5570610345740853,1.5977352774829812,False,False,STE,0001757898,https://www.sec.gov/Archives/edgar/data/1757898/000175789821000017/0001757898-21-000017.txt
2021,2020-04-01,2021-03-31,0001757898-22-000011,2022-05-31,397400000,NetIncomeLoss,3107519000,Revenues,6574471000,Assets,3880990000,StockholdersEquity,0.10239655345672109,0.12788336933740388,0.4726644927021505,1.6940190518398657,False,False,STE,0001757898,https://www.sec.gov/Archives/edgar/data/1757898/000175789822000011/0001757898-22-000011.txt
2022,2021-04-01,2022-03-31,0001757898-23-000005,2023-05-26,243888000,NetIncomeLoss,4585064000,Revenues,11423594000,Assets,6532356000,StockholdersEquity,0.03733538098658432,0.05319184203317555,0.40136790575715486,1.7487708875633845,False,False,STE,0001757898,https://www.sec.gov/Archives/edgar/data/1757898/000175789823000005/0001757898-23-000005.txt
2023,2022-04-01,2023-03-31,0001757898-24-000008,2024-05-29,107030000,NetIncomeLoss,4536266000,Revenues,10821839000,Assets,6077198000,StockholdersEquity,0.017611734881766233,0.023594295396257625,0.4191769993990855,1.7807283883131666,False,False,STE,0001757898,https://www.sec.gov/Archives/edgar/data/1757898/000175789824000008/0001757898-24-000008.txt
2024,2023-04-01,2024-03-31,0001757898-25-000005,2025-05-29,378239000,NetIncomeLoss,5138701000,Revenues,11063697000,Assets,6302164000,StockholdersEquity,0.060017321034489104,0.07360595605776635,0.4644650879357958,1.7555393671126298,False,False,STE,0001757898,https://www.sec.gov/Archives/edgar/data/1757898/000175789825000005/0001757898-25-000005.txt
2025,2024-04-01,2025-03-31,0001628280-26-039136,2026-05-29,614600000,NetIncomeLoss,5459500000,Revenues,10146800000,Assets,6603400000,StockholdersEquity,0.09307326528757913,0.11257441157615167,0.5380514053691804,1.5366023563618743,False,False,STE,0001757898,https://www.sec.gov/Archives/edgar/data/1757898/000162828026039136/0001628280-26-039136.txt
2020,2020-01-01,2020-12-31,0000097745-22-000011,2022-02-24,6375000000,ProfitLoss minus NetIncomeLossAttributableToNoncontrollingInterest,32218000000,RevenueFromContractWithCustomerExcludingAssessedTax,69052000000,Assets,34507000000,StockholdersEquity,0.18474512417770309,0.19787075547830404,0.4665759138040897,2.001101225838236,False,False,TMO,0000097745,https://www.sec.gov/Archives/edgar/data/97745/000009774522000011/0000097745-22-000011.txt
2021,2021-01-01,2021-12-31,0000097745-23-000008,2023-02-23,7725000000,ProfitLoss minus NetIncomeLossAttributableToNoncontrollingInterest,39211000000,RevenueFromContractWithCustomerExcludingAssessedTax,95123000000,Assets,40793000000,StockholdersEquity,0.1893707253695487,0.19701104281961695,0.4122136602083618,2.331846150074768,False,False,TMO,0000097745,https://www.sec.gov/Archives/edgar/data/97745/000009774523000008/0000097745-23-000008.txt
2022,2022-01-01,2022-12-31,0000097745-24-000007,2024-02-22,6950000000,ProfitLoss minus NetIncomeLossAttributableToNoncontrollingInterest,44915000000,RevenueFromContractWithCustomerExcludingAssessedTax,97154000000,Assets,43978000000,StockholdersEquity,0.15803356223566328,0.15473672492485807,0.4623072647549252,2.209150029560235,False,False,TMO,0000097745,https://www.sec.gov/Archives/edgar/data/97745/000009774524000007/0000097745-24-000007.txt
2023,2023-01-01,2023-12-31,0000097745-25-000010,2025-02-20,5995000000,ProfitLoss minus NetIncomeLossAttributableToNoncontrollingInterest,42857000000,RevenueFromContractWithCustomerExcludingAssessedTax,98726000000,Assets,46735000000,StockholdersEquity,0.12827645233764845,0.13988379961266537,0.4341004396005105,2.1124638921579115,False,False,TMO,0000097745,https://www.sec.gov/Archives/edgar/data/97745/000009774525000010/0000097745-25-000010.txt
2024,2024-01-01,2024-12-31,0000097745-26-000018,2026-02-26,6335000000,NetIncomeLoss,42879000000,RevenueFromContractWithCustomerExcludingAssessedTax,97321000000,Assets,49584000000,StockholdersEquity,0.12776298806066472,0.14774131859418363,0.44059349986128377,1.9627500806711842,False,False,TMO,0000097745,https://www.sec.gov/Archives/edgar/data/97745/000009774526000018/0000097745-26-000018.txt
2025,2025-01-01,2025-12-31,0000097745-26-000018,2026-02-26,6704000000,NetIncomeLoss,44556000000,RevenueFromContractWithCustomerExcludingAssessedTax,110343000000,Assets,53407000000,StockholdersEquity,0.12552661636115117,0.15046233952778526,0.4037954378619396,2.0660774804800868,False,False,TMO,0000097745,https://www.sec.gov/Archives/edgar/data/97745/000009774526000018/0000097745-26-000018.txt
2020,2020-01-01,2020-12-31,0000731766-22-000008,2022-02-15,15403000000,NetIncomeLoss,257141000000,Revenues,197289000000,Assets,65491000000,StockholdersEquityIncludingPortionAttributableToNoncontrollingInterest minus MinorityInterest,0.23519262188697684,0.05990098817380348,1.3033722103107623,3.0124597272907727,False,False,UNH,0000731766,https://www.sec.gov/Archives/edgar/data/731766/000073176622000008/0000731766-22-000008.txt
2021,2021-01-01,2021-12-31,0000731766-23-000008,2023-02-24,17285000000,NetIncomeLoss,287597000000,Revenues,212206000000,Assets,71760000000,StockholdersEquityIncludingPortionAttributableToNoncontrollingInterest minus MinorityInterest,0.24087235228539577,0.060101461419973086,1.355272706709518,2.9571627647714602,False,False,UNH,0000731766,https://www.sec.gov/Archives/edgar/data/731766/000073176623000008/0000731766-23-000008.txt
2022,2022-01-01,2022-12-31,0000731766-24-000081,2024-02-28,20120000000,NetIncomeLoss,324162000000,Revenues,245705000000,Assets,77772000000,StockholdersEquityIncludingPortionAttributableToNoncontrollingInterest minus MinorityInterest,0.25870493236640435,0.062067731566315607,1.3193138112777518,3.1592989764953967,False,False,UNH,0000731766,https://www.sec.gov/Archives/edgar/data/731766/000073176624000081/0000731766-24-000081.txt
2023,2023-01-01,2023-12-31,0000731766-25-000063,2025-02-27,22381000000,NetIncomeLoss,371622000000,Revenues,273720000000,Assets,88756000000,StockholdersEquityIncludingPortionAttributableToNoncontrollingInterest minus MinorityInterest,0.25216323403488217,0.06022517504345814,1.357672073651907,3.0839605209788634,False,False,UNH,0000731766,https://www.sec.gov/Archives/edgar/data/731766/000073176625000063/0000731766-25-000063.txt
2024,2024-01-01,2024-12-31,0000731766-26-000062,2026-03-02,14405000000,NetIncomeLoss,400278000000,Revenues,298278000000,Assets,92658000000,StockholdersEquityIncludingPortionAttributableToNoncontrollingInterest minus MinorityInterest,0.15546418010317511,0.03598748869535673,1.341962866855752,3.2191284076928057,False,False,UNH,0000731766,https://www.sec.gov/Archives/edgar/data/731766/000073176626000062/0000731766-26-000062.txt
2025,2025-01-01,2025-12-31,0000731766-26-000062,2026-03-02,12056000000,NetIncomeLoss,447567000000,Revenues,309581000000,Assets,94110000000,StockholdersEquityIncludingPortionAttributableToNoncontrollingInterest minus MinorityInterest,0.12810540856444586,0.026936749134766416,1.4457185679999742,3.289565402188928,False,False,UNH,0000731766,https://www.sec.gov/Archives/edgar/data/731766/000073176626000062/0000731766-26-000062.txt
2020,2020-01-01,2020-12-31,0001564590-22-006717,2022-02-24,943953000,NetIncomeLoss,11558897000,RevenueFromContractWithCustomerExcludingAssessedTax,13476879000,Assets,6317146000,StockholdersEquity,0.1494271305428116,0.08166462595868793,0.8576835185653889,2.1333809603260714,False,False,UHS,0000352915,https://www.sec.gov/Archives/edgar/data/352915/000156459022006717/0001564590-22-006717.txt
2021,2021-01-01,2021-12-31,0000950170-23-004656,2023-02-27,991590000,NetIncomeLoss,12642117000,RevenueFromContractWithCustomerExcludingAssessedTax,13093543000,Assets,6089664000,StockholdersEquity,0.16283164391335878,0.07843543925435906,0.965523006263469,2.1501256883795232,False,False,UHS,0000352915,https://www.sec.gov/Archives/edgar/data/352915/000095017023004656/0000950170-23-004656.txt
2022,2022-01-01,2022-12-31,0000950170-24-021175,2024-02-27,675609000,NetIncomeLoss,13399370000,RevenueFromContractWithCustomerExcludingAssessedTax,13494188000,Assets,5920582000,StockholdersEquity,0.11411192345617373,0.050420952626877236,0.992973419371362,2.279199578690068,False,False,UHS,0000352915,https://www.sec.gov/Archives/edgar/data/352915/000095017024021175/0000950170-24-021175.txt
2023,2023-01-01,2023-12-31,0000950170-25-027785,2025-02-26,717795000,NetIncomeLoss,14281976000,RevenueFromContractWithCustomerExcludingAssessedTax,13967602000,Assets,6149001000,StockholdersEquity,0.1167335962378279,0.050258801723234936,1.0225073709860861,2.271523780854809,False,False,UHS,0000352915,https://www.sec.gov/Archives/edgar/data/352915/000095017025027785/0000950170-25-027785.txt
2024,2024-01-01,2024-12-31,0001193125-26-071676,2026-02-25,1142097000,NetIncomeLoss,15827935000,RevenueFromContractWithCustomerExcludingAssessedTax,14469749000,Assets,6666207000,StockholdersEquity,0.1713263629527256,0.07215704385948009,1.0938638258341593,2.1706120136983444,False,False,UHS,0000352915,https://www.sec.gov/Archives/edgar/data/352915/000119312526071676/0001193125-26-071676.txt
2025,2025-01-01,2025-12-31,0001193125-26-071676,2026-02-25,1488796000,NetIncomeLoss,17364829000,RevenueFromContractWithCustomerExcludingAssessedTax,15527593000,Assets,7275792000,StockholdersEquity,0.2046232217743443,0.08573628913938629,1.1183207210544481,2.1341447089196612,False,False,UHS,0000352915,https://www.sec.gov/Archives/edgar/data/352915/000119312526071676/0001193125-26-071676.txt
2020,2019-02-01,2020-01-31,0001393052-21-000015,2021-03-30,301118000,NetIncomeLoss,1104081000,RevenueFromContractWithCustomerExcludingAssessedTax,2271777000,Assets,1665594000,StockholdersEquity,0.18078715461270875,0.27273180138051467,0.48599884583742153,1.3639440343805274,False,False,VEEV,0001393052,https://www.sec.gov/Archives/edgar/data/1393052/000139305221000015/0001393052-21-000015.txt
2021,2020-02-01,2021-01-31,0001393052-22-000017,2022-03-30,379998000,NetIncomeLoss,1465069000,RevenueFromContractWithCustomerExcludingAssessedTax,3046067000,Assets,2266320000,StockholdersEquity,0.16767182039606057,0.25937208418170066,0.4809707074729479,1.344058650146493,False,False,VEEV,0001393052,https://www.sec.gov/Archives/edgar/data/1393052/000139305222000017/0001393052-22-000017.txt
2022,2021-02-01,2022-01-31,0001393052-23-000025,2023-03-30,427390000,NetIncomeLoss,1850777000,RevenueFromContractWithCustomerExcludingAssessedTax,3816465000,Assets,2911637000,StockholdersEquity,0.14678684190371258,0.23092463327564586,0.4849453617418213,1.3107626397109255,False,False,VEEV,0001393052,https://www.sec.gov/Archives/edgar/data/1393052/000139305223000025/0001393052-23-000025.txt
2023,2022-02-01,2023-01-31,0001393052-24-000013,2024-03-25,487706000,NetIncomeLoss,2155060000,RevenueFromContractWithCustomerExcludingAssessedTax,4804296000,Assets,3716252000,StockholdersEquity,0.13123598722583937,0.22630738819336815,0.4485693637527746,1.2927799298863478,False,False,VEEV,0001393052,https://www.sec.gov/Archives/edgar/data/1393052/000139305224000013/0001393052-24-000013.txt
2024,2023-02-01,2024-01-31,0001393052-25-000022,2025-03-24,525705000,NetIncomeLoss,2363673000,RevenueFromContractWithCustomerExcludingAssessedTax,5910920000,Assets,4644824000,StockholdersEquity,0.11318082235193411,0.2224102064879533,0.3998824210106041,1.2725821258243584,False,False,VEEV,0001393052,https://www.sec.gov/Archives/edgar/data/1393052/000139305225000022/0001393052-25-000022.txt
2025,2024-02-01,2025-01-31,0001393052-26-000014,2026-03-20,714138000,NetIncomeLoss,2746619000,RevenueFromContractWithCustomerExcludingAssessedTax,7339756000,Assets,5832373000,StockholdersEquity,0.12244381489318328,0.26000621127284124,0.37421121356077774,1.2584510627149532,False,False,VEEV,0001393052,https://www.sec.gov/Archives/edgar/data/1393052/000139305226000014/0001393052-26-000014.txt
2020,2020-01-01,2020-12-31,0000875320-22-000007,2022-02-09,2711700000,NetIncomeLoss,6205700000,RevenueFromContractWithCustomerExcludingAssessedTax,11751800000,Assets,8686800000,StockholdersEquity,0.3121632822213013,0.4369692379586509,0.5280637859732126,1.3528341852005341,False,False,VRTX,0000875320,https://www.sec.gov/Archives/edgar/data/875320/000087532022000007/0000875320-22-000007.txt
2021,2021-01-01,2021-12-31,0000875320-23-000007,2023-02-10,2342100000,NetIncomeLoss,7574400000,RevenueFromContractWithCustomerExcludingAssessedTax,13432500000,Assets,10100000000,StockholdersEquity,0.2318910891089109,0.30921261089987323,0.5638860971524288,1.329950495049505,False,False,VRTX,0000875320,https://www.sec.gov/Archives/edgar/data/875320/000087532023000007/0000875320-23-000007.txt
2022,2022-01-01,2022-12-31,0000875320-24-000062,2024-02-15,3322000000,NetIncomeLoss,8930700000,RevenueFromContractWithCustomerExcludingAssessedTax,18150900000,Assets,13912700000,StockholdersEquity,0.23877464474904225,0.3719753210834537,0.49202518883361157,1.3046281455073423,False,False,VRTX,0000875320,https://www.sec.gov/Archives/edgar/data/875320/000087532024000062/0000875320-24-000062.txt
2023,2023-01-01,2023-12-31,0000875320-25-000053,2025-02-13,3619600000,NetIncomeLoss,9869200000,RevenueFromContractWithCustomerExcludingAssessedTax,22730200000,Assets,17580400000,StockholdersEquity,0.20588837569111054,0.36675718396627893,0.4341888764727103,1.2929284885440604,False,False,VRTX,0000875320,https://www.sec.gov/Archives/edgar/data/875320/000087532025000053/0000875320-25-000053.txt
2024,2024-01-01,2024-12-31,0000875320-26-000056,2026-02-13,-535600000,NetIncomeLoss,11020100000,RevenueFromContractWithCustomerExcludingAssessedTax,22533200000,Assets,16409600000,StockholdersEquity,-0.032639430577223086,-0.04860209979945736,0.4890605861573145,1.3731718018720749,False,False,VRTX,0000875320,https://www.sec.gov/Archives/edgar/data/875320/000087532026000056/0000875320-26-000056.txt
2025,2025-01-01,2025-12-31,0000875320-26-000056,2026-02-13,3953200000,NetIncomeLoss,12001300000,RevenueFromContractWithCustomerExcludingAssessedTax,25643000000,Assets,18665800000,StockholdersEquity,0.21178840446163572,0.32939764858806964,0.46801466287095894,1.3737959262394326,False,False,VRTX,0000875320,https://www.sec.gov/Archives/edgar/data/875320/000087532026000056/0000875320-26-000056.txt
2023,2023-01-01,2023-12-31,0001193125-25-034579,2025-02-25,642234000,NetIncomeLoss,2956416000,RevenueFromContractWithCustomerExcludingAssessedTax,4626854000,Assets,1150341000,StockholdersEquity,0.5582988000949284,0.21723397519158333,0.6389689408829412,4.022158646870797,False,False,WAT,0001000697,https://www.sec.gov/Archives/edgar/data/1000697/000119312525034579/0001193125-25-034579.txt
2024,2024-01-01,2024-12-31,0001193125-26-062604,2026-02-23,637834000,NetIncomeLoss,2958387000,RevenueFromContractWithCustomerExcludingAssessedTax,4553795000,Assets,1828507000,StockholdersEquity,0.34882775947808786,0.21560194795339488,0.649653091542329,2.4904443898765494,False,False,WAT,0001000697,https://www.sec.gov/Archives/edgar/data/1000697/000119312526062604/0001193125-26-062604.txt
2025,2025-01-01,2025-12-31,0001193125-26-062604,2026-02-23,642629000,NetIncomeLoss,3165286000,RevenueFromContractWithCustomerExcludingAssessedTax,5076550000,Assets,2561242000,StockholdersEquity,0.2509052248869884,0.20302399214478564,0.6235112428716353,1.9820657321721258,False,False,WAT,0001000697,https://www.sec.gov/Archives/edgar/data/1000697/000119312526062604/0001193125-26-062604.txt
2020,2020-01-01,2020-12-31,0001628280-22-003342,2022-02-22,346200000,NetIncomeLoss,2146900000,RevenueFromContractWithCustomerExcludingAssessedTax,2793800000,Assets,1854500000,StockholdersEquity,0.18668104610407119,0.16125576412501746,0.7684515713365309,1.5064977082771636,False,False,WST,0000105770,https://www.sec.gov/Archives/edgar/data/105770/000162828022003342/0001628280-22-003342.txt
2021,2021-01-01,2021-12-31,0000105770-23-000012,2023-02-21,661800000,NetIncomeLoss,2831600000,RevenueFromContractWithCustomerExcludingAssessedTax,3313800000,Assets,2335400000,StockholdersEquity,0.2833775798578402,0.23371945189998589,0.8544872955519344,1.418943221717907,False,False,WST,0000105770,https://www.sec.gov/Archives/edgar/data/105770/000010577023000012/0000105770-23-000012.txt
2022,2022-01-01,2022-12-31,0000105770-24-000015,2024-02-20,585900000,NetIncomeLoss,2886900000,RevenueFromContractWithCustomerExcludingAssessedTax,3616800000,Assets,2684900000,StockholdersEquity,0.21822041789265895,0.20295126260002078,0.7981917717319177,1.3470892770680472,False,False,WST,0000105770,https://www.sec.gov/Archives/edgar/data/105770/000010577024000015/0000105770-24-000015.txt
2023,2023-01-01,2023-12-31,0000105770-25-000013,2025-02-18,593400000,NetIncomeLoss,2949800000,RevenueFromContractWithCustomerExcludingAssessedTax,3829500000,Assets,2881000000,StockholdersEquity,0.20597014925373133,0.20116618075801748,0.770283326805066,1.3292259632072196,False,False,WST,0000105770,https://www.sec.gov/Archives/edgar/data/105770/000010577025000013/0000105770-25-000013.txt
2024,2024-01-01,2024-12-31,0000105770-26-000010,2026-02-17,492700000,NetIncomeLoss,2893200000,RevenueFromContractWithCustomerExcludingAssessedTax,3643400000,Assets,2682300000,StockholdersEquity,0.18368564291839093,0.17029586616894787,0.79409342921447,1.3583118965067293,False,False,WST,0000105770,https://www.sec.gov/Archives/edgar/data/105770/000010577026000010/0000105770-26-000010.txt
2025,2025-01-01,2025-12-31,0000105770-26-000010,2026-02-17,493700000,NetIncomeLoss,3074100000,RevenueFromContractWithCustomerExcludingAssessedTax,4270000000,Assets,3176000000,StockholdersEquity,0.15544710327455918,0.1605998503627078,0.7199297423887587,1.3444584382871536,False,False,WST,0000105770,https://www.sec.gov/Archives/edgar/data/105770/000010577026000010/0000105770-26-000010.txt
2020,2020-01-01,2020-12-31,0001564590-22-007160,2022-02-25,-138900000,NetIncomeLoss,7024500000,RevenueFromContractWithCustomerExcludingAssessedTax,24417700000,Assets,12194200000,StockholdersEquity,-0.011390661133981728,-0.019773649370061926,0.2876806578834206,2.002402781650293,False,False,ZBH,0001136869,https://www.sec.gov/Archives/edgar/data/1136869/000156459022007160/0001564590-22-007160.txt
2021,2021-01-01,2021-12-31,0000950170-23-004264,2023-02-24,401600000,NetIncomeLoss,6827300000,RevenueFromContractWithCustomerExcludingAssessedTax,23456400000,Assets,12660700000,StockholdersEquity,0.03172020504395492,0.05882266781890352,0.2910634197916134,1.8526937689069325,False,False,ZBH,0001136869,https://www.sec.gov/Archives/edgar/data/1136869/000095017023004264/0000950170-23-004264.txt
2022,2022-01-01,2022-12-31,0000950170-24-019353,2024-02-23,231400000,NetIncomeLoss,6939900000,RevenueFromContractWithCustomerExcludingAssessedTax,21066000000,Assets,12020300000,StockholdersEquity,0.019250767451727494,0.03334341993400481,0.3294360581031045,1.7525352944602048,False,False,ZBH,0001136869,https://www.sec.gov/Archives/edgar/data/1136869/000095017024019353/0000950170-24-019353.txt
2023,2023-01-01,2023-12-31,0000950170-25-026604,2025-02-25,1024000000,NetIncomeLoss,7394200000,RevenueFromContractWithCustomerExcludingAssessedTax,21496900000,Assets,12480500000,StockholdersEquity,0.08204799487200032,0.13848692218225095,0.34396587414929597,1.7224390048475622,False,False,ZBH,0001136869,https://www.sec.gov/Archives/edgar/data/1136869/000095017025026604/0000950170-25-026604.txt
2024,2024-01-01,2024-12-31,0001193125-26-059853,2026-02-20,903800000,NetIncomeLoss,7678600000,RevenueFromContractWithCustomerExcludingAssessedTax,21365300000,Assets,12468100000,StockholdersEquity,0.07248899190734755,0.11770374807907691,0.35939584279181663,1.7135970997986862,False,False,ZBH,0001136869,https://www.sec.gov/Archives/edgar/data/1136869/000119312526059853/0001193125-26-059853.txt
2025,2025-01-01,2025-12-31,0001193125-26-059853,2026-02-20,705100000,NetIncomeLoss,8231500000,RevenueFromContractWithCustomerExcludingAssessedTax,23091700000,Assets,12697700000,StockholdersEquity,0.05552974160674768,0.08565874992407216,0.35647007366283123,1.8185734424344566,False,False,ZBH,0001136869,https://www.sec.gov/Archives/edgar/data/1136869/000119312526059853/0001193125-26-059853.txt
2020,2020-01-01,2020-12-31,0001555280-22-000078,2022-02-15,1638000000,NetIncomeLoss,6675000000,Revenues,13609000000,Assets,3769000000,StockholdersEquity,0.4345980366144866,0.2453932584269663,0.4904842383716658,3.6107720880870255,False,False,ZTS,0001555280,https://www.sec.gov/Archives/edgar/data/1555280/000155528022000078/0001555280-22-000078.txt
2021,2021-01-01,2021-12-31,0001555280-23-000074,2023-02-14,2037000000,NetIncomeLoss,7776000000,Revenues,13900000000,Assets,4543000000,StockholdersEquity,0.44838212634822805,0.2619598765432099,0.5594244604316547,3.0596522121945853,False,False,ZTS,0001555280,https://www.sec.gov/Archives/edgar/data/1555280/000155528023000074/0001555280-23-000074.txt
2022,2022-01-01,2022-12-31,0001555280-24-000143,2024-02-13,2114000000,NetIncomeLoss,8080000000,Revenues,14925000000,Assets,4405000000,StockholdersEquity,0.47990919409761634,0.26163366336633664,0.5413735343383584,3.388195232690125,False,False,ZTS,0001555280,https://www.sec.gov/Archives/edgar/data/1555280/000155528024000143/0001555280-24-000143.txt
2023,2023-01-01,2023-12-31,0001555280-25-000102,2025-02-13,2344000000,NetIncomeLoss,8544000000,Revenues,14286000000,Assets,4997000000,StockholdersEquity,0.46908144886932157,0.2743445692883895,0.5980680386392272,2.858915349209526,False,False,ZTS,0001555280,https://www.sec.gov/Archives/edgar/data/1555280/000155528025000102/0001555280-25-000102.txt
2024,2024-01-01,2024-12-31,0001555280-26-000011,2026-02-12,2486000000,NetIncomeLoss,9256000000,Revenues,14237000000,Assets,4770000000,StockholdersEquity,0.5211740041928721,0.2685825410544512,0.6501369670576667,2.9846960167714887,False,False,ZTS,0001555280,https://www.sec.gov/Archives/edgar/data/1555280/000155528026000011/0001555280-26-000011.txt
2025,2025-01-01,2025-12-31,0001555280-26-000011,2026-02-12,2673000000,NetIncomeLoss,9467000000,Revenues,15467000000,Assets,3331000000,StockholdersEquity,0.8024617232062444,0.2823492130558783,0.6120773259197,4.643350345241669,False,False,ZTS,0001555280,https://www.sec.gov/Archives/edgar/data/1555280/000155528026000011/0001555280-26-000011.txt
