fiscal_year,period_start,period_end,accession_number,filing_date,net_income,net_income_tag,revenue,revenue_tag,assets,assets_tag,equity,equity_tag,roe,profit_margin,asset_turnover,equity_multiplier,equity_warning,negative_equity,ticker,cik,source_url,subsector
2020,2020-01-01,2020-12-31,0001104659-22-025141,2022-02-18,4495000000,NetIncomeLoss,34608000000,RevenueFromContractWithCustomerExcludingAssessedTax,72548000000,Assets,32784000000,StockholdersEquity,0.1371095656417764,0.1298832639852057,0.4770358934774218,2.212908735968765,False,False,ABT,1800,https://www.sec.gov/Archives/edgar/data/1800/000110465922025141/0001104659-22-025141.txt,Diversified healthcare
2021,2021-01-01,2021-12-31,0001628280-23-004026,2023-02-17,7071000000,NetIncomeLoss,43075000000,RevenueFromContractWithCustomerExcludingAssessedTax,75196000000,Assets,35802000000,StockholdersEquity,0.1975029327970504,0.1641555426581543,0.5728363210809085,2.100329590525669,False,False,ABT,1800,https://www.sec.gov/Archives/edgar/data/1800/000162828023004026/0001628280-23-004026.txt,Diversified healthcare
2022,2022-01-01,2022-12-31,0001628280-24-005348,2024-02-16,6933000000,NetIncomeLoss,43653000000,RevenueFromContractWithCustomerExcludingAssessedTax,74438000000,Assets,36686000000,StockholdersEquity,0.1889821730360355,0.1588206996082743,0.58643434804804,2.029057406094968,False,False,ABT,1800,https://www.sec.gov/Archives/edgar/data/1800/000162828024005348/0001628280-24-005348.txt,Diversified healthcare
2023,2023-01-01,2023-12-31,0001628280-25-007110,2025-02-21,5723000000,NetIncomeLoss,40109000000,RevenueFromContractWithCustomerExcludingAssessedTax,73214000000,Assets,38603000000,StockholdersEquity,0.1482527264720358,0.1426861801590665,0.5478323817849046,1.8965883480558503,False,False,ABT,1800,https://www.sec.gov/Archives/edgar/data/1800/000162828025007110/0001628280-25-007110.txt,Diversified healthcare
2024,2024-01-01,2024-12-31,0001628280-26-010185,2026-02-20,13402000000,NetIncomeLoss,41950000000,RevenueFromContractWithCustomerExcludingAssessedTax,81414000000,Assets,47664000000,StockholdersEquity,0.2811765693185633,0.3194755661501788,0.5152676443854866,1.7080815709969788,False,False,ABT,1800,https://www.sec.gov/Archives/edgar/data/1800/000162828026010185/0001628280-26-010185.txt,Diversified healthcare
2025,2025-01-01,2025-12-31,0001628280-26-010185,2026-02-20,6524000000,NetIncomeLoss,44328000000,RevenueFromContractWithCustomerExcludingAssessedTax,86713000000,Assets,52130000000,StockholdersEquity,0.125148666794552,0.1471756000721891,0.5112036257539239,1.6633991943218875,False,False,ABT,1800,https://www.sec.gov/Archives/edgar/data/1800/000162828026010185/0001628280-26-010185.txt,Diversified healthcare
2020,2020-01-01,2020-12-31,0001551152-22-000007,2022-02-18,4616000000,NetIncomeLoss,45804000000,RevenueFromContractWithCustomerExcludingAssessedTax,150565000000,Assets,13076000000,StockholdersEquity,0.3530131538696849,0.100777224696533,0.3042141267890944,11.514606913429184,False,False,ABBV,1551152,https://www.sec.gov/Archives/edgar/data/1551152/000155115222000007/0001551152-22-000007.txt,Pharmaceuticals and biotechnology
2021,2021-01-01,2021-12-31,0001551152-23-000011,2023-02-17,11542000000,NetIncomeLoss,56197000000,RevenueFromContractWithCustomerExcludingAssessedTax,146529000000,Assets,15408000000,StockholdersEquity,0.7490913811007269,0.2053846290727263,0.3835213507223826,9.509929906542055,False,False,ABBV,1551152,https://www.sec.gov/Archives/edgar/data/1551152/000155115223000011/0001551152-23-000011.txt,Pharmaceuticals and biotechnology
2022,2022-01-01,2022-12-31,0001551152-24-000011,2024-02-20,11836000000,NetIncomeLoss,58054000000,RevenueFromContractWithCustomerExcludingAssessedTax,138805000000,Assets,17254000000,StockholdersEquity,0.6859858583516866,0.2038791470010679,0.4182414178163611,8.044801205517562,False,False,ABBV,1551152,https://www.sec.gov/Archives/edgar/data/1551152/000155115224000011/0001551152-24-000011.txt,Pharmaceuticals and biotechnology
2023,2023-01-01,2023-12-31,0001551152-25-000020,2025-02-14,4863000000,NetIncomeLoss,54318000000,RevenueFromContractWithCustomerExcludingAssessedTax,134711000000,Assets,10360000000,StockholdersEquity,0.4694015444015444,0.0895283331492323,0.4032187423447231,13.00299227799228,False,False,ABBV,1551152,https://www.sec.gov/Archives/edgar/data/1551152/000155115225000020/0001551152-25-000020.txt,Pharmaceuticals and biotechnology
2024,2024-01-01,2024-12-31,0001551152-26-000008,2026-02-20,4278000000,NetIncomeLoss,56334000000,RevenueFromContractWithCustomerExcludingAssessedTax,135161000000,Assets,3325000000,StockholdersEquity,1.2866165413533834,0.0759399297049739,0.4167918260444951,40.64992481203007,False,False,ABBV,1551152,https://www.sec.gov/Archives/edgar/data/1551152/000155115226000008/0001551152-26-000008.txt,Pharmaceuticals and biotechnology
2021,2020-11-01,2021-10-31,0001090872-22-000026,2022-12-21,1210000000,NetIncomeLoss,6319000000,RevenueFromContractWithCustomerExcludingAssessedTax,10705000000,Assets,5389000000,StockholdersEquity,0.2245314529597327,0.1914859946194018,0.5902849135917796,1.9864538875487103,False,False,A,1090872,https://www.sec.gov/Archives/edgar/data/1090872/000109087222000026/0001090872-22-000026.txt,Life-science tools and research services
2022,2021-11-01,2022-10-31,0001090872-23-000020,2023-12-20,1254000000,NetIncomeLoss,6848000000,RevenueFromContractWithCustomerExcludingAssessedTax,10532000000,Assets,5305000000,StockholdersEquity,0.2363807728557964,0.1831191588785046,0.6502088872009115,1.985296889726673,False,False,A,1090872,https://www.sec.gov/Archives/edgar/data/1090872/000109087223000020/0001090872-23-000020.txt,Life-science tools and research services
2023,2022-11-01,2023-10-31,0001090872-24-000049,2024-12-20,1240000000,NetIncomeLoss,6833000000,RevenueFromContractWithCustomerExcludingAssessedTax,10763000000,Assets,5845000000,StockholdersEquity,0.2121471343028229,0.1814722669398507,0.6348601690978352,1.8414029084687769,False,False,A,1090872,https://www.sec.gov/Archives/edgar/data/1090872/000109087224000049/0001090872-24-000049.txt,Life-science tools and research services
2024,2023-11-01,2024-10-31,0001090872-25-000087,2025-12-22,1289000000,NetIncomeLoss,6510000000,RevenueFromContractWithCustomerExcludingAssessedTax,11846000000,Assets,5898000000,StockholdersEquity,0.2185486605629026,0.1980030721966205,0.5495525915920986,2.008477449983045,False,False,A,1090872,https://www.sec.gov/Archives/edgar/data/1090872/000109087225000087/0001090872-25-000087.txt,Life-science tools and research services
2025,2024-11-01,2025-10-31,0001090872-25-000087,2025-12-22,1303000000,NetIncomeLoss,6948000000,RevenueFromContractWithCustomerExcludingAssessedTax,12727000000,Assets,6741000000,StockholdersEquity,0.1932947633882213,0.1875359815774323,0.5459259841282313,1.887998813232458,False,False,A,1090872,https://www.sec.gov/Archives/edgar/data/1090872/000109087225000087/0001090872-25-000087.txt,Life-science tools and research services
2020,2020-01-01,2020-12-31,0001097149-22-000011,2022-02-25,1775888000,NetIncomeLoss,2471941000,RevenueFromContractWithCustomerExcludingAssessedTax,4829683000,Assets,3233865000,StockholdersEquity,0.5491534124028059,0.7184184412168413,0.5118226185859404,1.493470815881306,False,False,ALGN,1097149,https://www.sec.gov/Archives/edgar/data/1097149/000109714922000011/0001097149-22-000011.txt,Medical devices and supplies
2021,2021-01-01,2021-12-31,0001097149-23-000013,2023-02-27,772020000,NetIncomeLoss,3952584000,RevenueFromContractWithCustomerExcludingAssessedTax,5942110000,Assets,3622714000,StockholdersEquity,0.2131054231716884,0.1953203271581325,0.6651818966663356,1.6402371260883415,False,False,ALGN,1097149,https://www.sec.gov/Archives/edgar/data/1097149/000109714923000013/0001097149-23-000013.txt,Medical devices and supplies
2022,2022-01-01,2022-12-31,0001097149-24-000011,2024-02-28,361573000,NetIncomeLoss,3734635000,RevenueFromContractWithCustomerExcludingAssessedTax,5947947000,Assets,3601358000,StockholdersEquity,0.1003990716835149,0.096816154724625,0.6278863950872461,1.651584485630143,False,False,ALGN,1097149,https://www.sec.gov/Archives/edgar/data/1097149/000109714924000011/0001097149-24-000011.txt,Medical devices and supplies
2023,2023-01-01,2023-12-31,0001097149-25-000012,2025-02-28,445053000,NetIncomeLoss,3862260000,RevenueFromContractWithCustomerExcludingAssessedTax,6083877000,Assets,3630489000,StockholdersEquity,0.1225876183621545,0.1152312376691367,0.6348353196489672,1.675773428868673,False,False,ALGN,1097149,https://www.sec.gov/Archives/edgar/data/1097149/000109714925000012/0001097149-25-000012.txt,Medical devices and supplies
2024,2024-01-01,2024-12-31,0001097149-26-000014,2026-02-27,421362000,NetIncomeLoss,3999012000,RevenueFromContractWithCustomerExcludingAssessedTax,6214600000,Assets,3851985000,StockholdersEquity,0.1093882764340982,0.1053665255318063,0.6434866282624787,1.6133500000649017,False,False,ALGN,1097149,https://www.sec.gov/Archives/edgar/data/1097149/000109714926000014/0001097149-26-000014.txt,Medical devices and supplies
2025,2025-01-01,2025-12-31,0001097149-26-000014,2026-02-27,410351000,NetIncomeLoss,4034964000,RevenueFromContractWithCustomerExcludingAssessedTax,6233693000,Assets,4049147000,StockholdersEquity,0.1013425790666528,0.1016988007823613,0.6472830792276745,1.5395077037213023,False,False,ALGN,1097149,https://www.sec.gov/Archives/edgar/data/1097149/000109714926000014/0001097149-26-000014.txt,Medical devices and supplies
2020,2020-01-01,2020-12-31,0000318154-22-000010,2022-02-16,7264000000,NetIncomeLoss,25424000000,RevenueFromContractWithCustomerExcludingAssessedTax,62948000000,Assets,9409000000,StockholdersEquity,0.7720267828674673,0.2857142857142857,0.403888924191396,6.690190243383994,False,False,AMGN,318154,https://www.sec.gov/Archives/edgar/data/318154/000031815422000010/0000318154-22-000010.txt,Pharmaceuticals and biotechnology
2021,2021-01-01,2021-12-31,0000318154-23-000017,2023-02-09,5893000000,NetIncomeLoss,25979000000,RevenueFromContractWithCustomerExcludingAssessedTax,61165000000,Assets,6700000000,StockholdersEquity,0.8795522388059701,0.2268370607028754,0.4247363688383879,9.12910447761194,False,False,AMGN,318154,https://www.sec.gov/Archives/edgar/data/318154/000031815423000017/0000318154-23-000017.txt,Pharmaceuticals and biotechnology
2022,2022-01-01,2022-12-31,0000318154-24-000011,2024-02-14,6552000000,NetIncomeLoss,26323000000,RevenueFromContractWithCustomerExcludingAssessedTax,65121000000,Assets,3661000000,StockholdersEquity,1.7896749521988529,0.2489077992630019,0.4042167657130572,17.78776290630975,False,False,AMGN,318154,https://www.sec.gov/Archives/edgar/data/318154/000031815424000011/0000318154-24-000011.txt,Pharmaceuticals and biotechnology
2023,2023-01-01,2023-12-31,0000318154-25-000010,2025-02-14,6717000000,NetIncomeLoss,28190000000,RevenueFromContractWithCustomerExcludingAssessedTax,97154000000,Assets,6232000000,StockholdersEquity,1.077824133504493,0.2382759843916282,0.2901578936533751,15.589537869062902,False,False,AMGN,318154,https://www.sec.gov/Archives/edgar/data/318154/000031815425000010/0000318154-25-000010.txt,Pharmaceuticals and biotechnology
2024,2024-01-01,2024-12-31,0000318154-26-000010,2026-02-13,4090000000,NetIncomeLoss,33424000000,RevenueFromContractWithCustomerExcludingAssessedTax,91839000000,Assets,5877000000,StockholdersEquity,0.6959332993023651,0.1223671613212063,0.3639412450048454,15.626850433894845,False,False,AMGN,318154,https://www.sec.gov/Archives/edgar/data/318154/000031815426000010/0000318154-26-000010.txt,Pharmaceuticals and biotechnology
2025,2025-01-01,2025-12-31,0000318154-26-000010,2026-02-13,7711000000,NetIncomeLoss,36751000000,RevenueFromContractWithCustomerExcludingAssessedTax,90586000000,Assets,8658000000,StockholdersEquity,0.8906213906213907,0.2098174199341514,0.4057028679928465,10.462693462693462,False,False,AMGN,318154,https://www.sec.gov/Archives/edgar/data/318154/000031815426000010/0000318154-26-000010.txt,Pharmaceuticals and biotechnology
2020,2020-01-01,2020-12-31,0001628280-22-003432,2022-02-23,1102000000,NetIncomeLoss,11673000000,RevenueFromContractWithCustomerExcludingAssessedTax,20019000000,Assets,8689000000,StockholdersEquity,0.1268270226723443,0.0944058939432879,0.583096058744193,2.303947519852687,False,False,BAX,10456,https://www.sec.gov/Archives/edgar/data/10456/000162828022003432/0001628280-22-003432.txt,Medical devices and supplies
2021,2021-01-01,2021-12-31,0001628280-23-002864,2023-02-09,1284000000,NetIncomeLoss,12784000000,RevenueFromContractWithCustomerExcludingAssessedTax,33521000000,Assets,9077000000,StockholdersEquity,0.1414564283353531,0.1004380475594493,0.3813728707377465,3.692960229150601,False,False,BAX,10456,https://www.sec.gov/Archives/edgar/data/10456/000162828023002864/0001628280-23-002864.txt,Medical devices and supplies
2022,2022-01-01,2022-12-31,0001628280-24-003932,2024-02-08,-2433000000,NetIncomeLoss,14506000000,RevenueFromContractWithCustomerExcludingAssessedTax,28287000000,Assets,5833000000,StockholdersEquity,-0.4171095491170924,-0.1677237005377085,0.5128150740622901,4.849477112977884,False,False,BAX,10456,https://www.sec.gov/Archives/edgar/data/10456/000162828024003932/0001628280-24-003932.txt,Medical devices and supplies
2023,2023-01-01,2023-12-31,0001628280-25-007201,2025-02-21,2656000000,NetIncomeLoss,10360000000,RevenueFromContractWithCustomerExcludingAssessedTax,28276000000,Assets,8402000000,StockholdersEquity,0.3161152106641275,0.2563706563706563,0.3663884566416749,3.365389193049274,False,False,BAX,10456,https://www.sec.gov/Archives/edgar/data/10456/000162828025007201/0001628280-25-007201.txt,Medical devices and supplies
2024,2024-01-01,2024-12-31,0001628280-26-007733,2026-02-12,-649000000,NetIncomeLoss,10636000000,RevenueFromContractWithCustomerExcludingAssessedTax,25782000000,Assets,6964000000,StockholdersEquity,-0.0931935669155657,-0.0610191801429108,0.4125358777441626,3.702182653647329,False,False,BAX,10456,https://www.sec.gov/Archives/edgar/data/10456/000162828026007733/0001628280-26-007733.txt,Medical devices and supplies
2025,2025-01-01,2025-12-31,0001628280-26-007733,2026-02-12,-957000000,NetIncomeLoss,11244000000,RevenueFromContractWithCustomerExcludingAssessedTax,20055000000,Assets,6129000000,StockholdersEquity,-0.1561429270680372,-0.0851120597652081,0.5606581899775617,3.272148800783162,False,False,BAX,10456,https://www.sec.gov/Archives/edgar/data/10456/000162828026007733/0001628280-26-007733.txt,Medical devices and supplies
2020,2019-10-01,2020-09-30,0000010795-21-000091,2021-11-24,874000000,NetIncomeLoss,17117000000,Revenues,54012000000,Assets,23765000000,StockholdersEquity,0.0367767725646959,0.0510603493602851,0.3169110568021921,2.2727540500736376,False,False,BDX,10795,https://www.sec.gov/Archives/edgar/data/10795/000001079521000091/0000010795-21-000091.txt,Medical devices and supplies
2021,2020-10-01,2021-09-30,0001628280-22-030686,2022-11-22,2092000000,NetIncomeLoss,19131000000,Revenues,53866000000,Assets,23677000000,StockholdersEquity,0.0883557883177767,0.1093513146202498,0.3551590985036943,2.275034843941378,False,False,BDX,10795,https://www.sec.gov/Archives/edgar/data/10795/000162828022030686/0001628280-22-030686.txt,Medical devices and supplies
2022,2021-10-01,2022-09-30,0000010795-23-000098,2023-11-21,1779000000,NetIncomeLoss,18870000000,Revenues,52934000000,Assets,25282000000,StockholdersEquity,0.0703662684914168,0.0942766295707472,0.3564816564023123,2.0937425836563563,False,False,BDX,10795,https://www.sec.gov/Archives/edgar/data/10795/000001079523000098/0000010795-23-000098.txt,Medical devices and supplies
2023,2022-10-01,2023-09-30,0000010795-24-000084,2024-11-27,1484000000,NetIncomeLoss,19372000000,Revenues,52780000000,Assets,25796000000,StockholdersEquity,0.0575282989610792,0.0766054098699153,0.367032967032967,2.04605365172895,False,False,BDX,10795,https://www.sec.gov/Archives/edgar/data/10795/000001079524000084/0000010795-24-000084.txt,Medical devices and supplies
2024,2023-10-01,2024-09-30,0000010795-25-000099,2025-11-25,1705000000,NetIncomeLoss,20178000000,Revenues,57286000000,Assets,25890000000,StockholdersEquity,0.0658555426805716,0.0844979680840519,0.3522326571937297,2.21266898416377,False,False,BDX,10795,https://www.sec.gov/Archives/edgar/data/10795/000001079525000099/0000010795-25-000099.txt,Medical devices and supplies
2025,2024-10-01,2025-09-30,0000010795-25-000099,2025-11-25,1678000000,NetIncomeLoss,21840000000,Revenues,55325000000,Assets,25390000000,StockholdersEquity,0.0660890114218196,0.0768315018315018,0.3947582467239042,2.1790074832611266,False,False,BDX,10795,https://www.sec.gov/Archives/edgar/data/10795/000001079525000099/0000010795-25-000099.txt,Medical devices and supplies
2020,2019-07-01,2020-06-30,0001437749-21-020980,2021-08-25,229296000,NetIncomeLoss,738691000,RevenueFromContractWithCustomerExcludingAssessedTax,2027589000,Assets,1381192000,StockholdersEquity,0.1660131248950182,0.3104085470108611,0.3643198892872273,1.4679993802454692,False,False,TECH,842023,https://www.sec.gov/Archives/edgar/data/842023/000143774921020980/0001437749-21-020980.txt,Life-science tools and research services
2021,2020-07-01,2021-06-30,0001558370-22-013935,2022-08-24,140410000,NetIncomeLoss,931032000,RevenueFromContractWithCustomerExcludingAssessedTax,2262957000,Assets,1562971000,StockholdersEquity,0.0898353200411268,0.1508111429037885,0.4114227535034912,1.447856038275822,False,False,TECH,842023,https://www.sec.gov/Archives/edgar/data/842023/000155837022013935/0001558370-22-013935.txt,Life-science tools and research services
2022,2021-07-01,2022-06-30,0001558370-23-015226,2023-08-23,272051000,NetIncomeLoss,1105599000,RevenueFromContractWithCustomerExcludingAssessedTax,2294805000,Assets,1701770000,StockholdersEquity,0.1598635538292483,0.2460666118547502,0.4817834195062325,1.3484812871304583,False,False,TECH,842023,https://www.sec.gov/Archives/edgar/data/842023/000155837023015226/0001558370-23-015226.txt,Life-science tools and research services
2023,2022-07-01,2023-06-30,0001558370-24-012430,2024-08-22,285263000,NetIncomeLoss,1136702000,RevenueFromContractWithCustomerExcludingAssessedTax,2638692000,Assets,1966516000,StockholdersEquity,0.1450600961293983,0.2509567151285033,0.4307823724784855,1.341810592947121,False,False,TECH,842023,https://www.sec.gov/Archives/edgar/data/842023/000155837024012430/0001558370-24-012430.txt,Life-science tools and research services
2024,2023-07-01,2024-06-30,0001558370-24-012430,2024-08-22,168105000,NetIncomeLoss,1159060000,RevenueFromContractWithCustomerExcludingAssessedTax,2703867000,Assets,2068850000,StockholdersEquity,0.0812552867535104,0.1450356323227443,0.4286675343128933,1.306942020929502,False,False,TECH,842023,https://www.sec.gov/Archives/edgar/data/842023/000155837024012430/0001558370-24-012430.txt,Life-science tools and research services
2020,2020-01-01,2020-12-31,0000014272-22-000051,2022-02-09,-9015000000,NetIncomeLoss,42518000000,Revenues,118481000000,Assets,37822000000,StockholdersEquity,-0.238353339326318,-0.2120278470294934,0.358859226373849,3.132594786103326,False,False,BMY,14272,https://www.sec.gov/Archives/edgar/data/14272/000001427222000051/0000014272-22-000051.txt,Pharmaceuticals and biotechnology
2021,2021-01-01,2021-12-31,0000014272-23-000046,2023-02-14,6994000000,NetIncomeLoss,46385000000,Revenues,109314000000,Assets,35946000000,StockholdersEquity,0.1945696322261169,0.1507815026409399,0.4243280824048155,3.041061592388583,False,False,BMY,14272,https://www.sec.gov/Archives/edgar/data/14272/000001427223000046/0000014272-23-000046.txt,Pharmaceuticals and biotechnology
2022,2022-01-01,2022-12-31,0000014272-24-000044,2024-02-13,6327000000,NetIncomeLoss,46159000000,Revenues,96820000000,Assets,31061000000,StockholdersEquity,0.2036959531244969,0.1370696938841829,0.4767506713488948,3.117092173465117,False,False,BMY,14272,https://www.sec.gov/Archives/edgar/data/14272/000001427224000044/0000014272-24-000044.txt,Pharmaceuticals and biotechnology
2023,2023-01-01,2023-12-31,0000014272-25-000039,2025-02-12,8025000000,NetIncomeLoss,45006000000,Revenues,95159000000,Assets,29430000000,StockholdersEquity,0.2726809378185525,0.1783095587255032,0.4729557897834151,3.2334012911994563,False,False,BMY,14272,https://www.sec.gov/Archives/edgar/data/14272/000001427225000039/0000014272-25-000039.txt,Pharmaceuticals and biotechnology
2024,2024-01-01,2024-12-31,0000014272-26-000004,2026-02-11,-8948000000,NetIncomeLoss,48300000000,Revenues,92603000000,Assets,16335000000,StockholdersEquity,-0.5477808386899296,-0.1852587991718426,0.5215813742535339,5.6689929599020505,False,False,BMY,14272,https://www.sec.gov/Archives/edgar/data/14272/000001427226000004/0000014272-26-000004.txt,Pharmaceuticals and biotechnology
2025,2025-01-01,2025-12-31,0000014272-26-000004,2026-02-11,7054000000,NetIncomeLoss,48194000000,Revenues,90038000000,Assets,18473000000,StockholdersEquity,0.381854598603367,0.1463667676474249,0.5352628890024212,4.874032371569317,False,False,BMY,14272,https://www.sec.gov/Archives/edgar/data/14272/000001427226000004/0000014272-26-000004.txt,Pharmaceuticals and biotechnology
2020,2020-01-01,2020-12-31,0001071739-22-000071,2022-02-22,1808000000,NetIncomeLoss,111115000000,Revenues,68719000000,Assets,25773000000,StockholdersEquity,0.0701509331470919,0.0162714304999325,1.616947278045373,2.6663174640127263,False,False,CNC,1071739,https://www.sec.gov/Archives/edgar/data/1071739/000107173922000071/0001071739-22-000071.txt,Insurance and integrated health services
2021,2021-01-01,2021-12-31,0001071739-23-000047,2023-02-21,1347000000,NetIncomeLoss,125982000000,Revenues,78375000000,Assets,26795000000,StockholdersEquity,0.0502705728680724,0.0106920036195647,1.607425837320574,2.924986004851652,False,False,CNC,1071739,https://www.sec.gov/Archives/edgar/data/1071739/000107173923000047/0001071739-23-000047.txt,Insurance and integrated health services
2022,2022-01-01,2022-12-31,0001071739-24-000037,2024-02-20,1202000000,NetIncomeLoss,144547000000,Revenues,76870000000,Assets,24057000000,StockholdersEquity,0.0499646672486178,0.008315634361142,1.8804084818524784,3.1953277632289976,False,False,CNC,1071739,https://www.sec.gov/Archives/edgar/data/1071739/000107173924000037/0001071739-24-000037.txt,Insurance and integrated health services
2023,2023-01-01,2023-12-31,0001071739-25-000027,2025-02-18,2702000000,NetIncomeLoss,153999000000,Revenues,84641000000,Assets,25840000000,StockholdersEquity,0.1045665634674922,0.0175455684777173,1.8194373884996635,3.275580495356037,False,False,CNC,1071739,https://www.sec.gov/Archives/edgar/data/1071739/000107173925000027/0001071739-25-000027.txt,Insurance and integrated health services
2024,2024-01-01,2024-12-31,0001071739-26-000049,2026-02-17,3305000000,NetIncomeLoss,163071000000,Revenues,82445000000,Assets,26410000000,StockholdersEquity,0.125141991669822,0.0202672455556168,1.9779368063557523,3.121734191594093,False,False,CNC,1071739,https://www.sec.gov/Archives/edgar/data/1071739/000107173926000049/0001071739-26-000049.txt,Insurance and integrated health services
2025,2025-01-01,2025-12-31,0001071739-26-000049,2026-02-17,-6674000000,NetIncomeLoss,194777000000,Revenues,76747000000,Assets,19953000000,StockholdersEquity,-0.334486042199168,-0.0342648259291394,2.5379102766231907,3.846389014183331,False,False,CNC,1071739,https://www.sec.gov/Archives/edgar/data/1071739/000107173926000049/0001071739-26-000049.txt,Insurance and integrated health services
2020,2019-12-29,2020-12-26,0001100682-22-000007,2022-02-16,364304000,NetIncomeLoss,2923933000,RevenueFromContractWithCustomerExcludingAssessedTax,5490831000,Assets,2114602000,StockholdersEquity,0.1722801737631951,0.1245938261923238,0.5325119276116858,2.5966262209153306,False,False,CRL,1100682,https://www.sec.gov/Archives/edgar/data/1100682/000110068222000007/0001100682-22-000007.txt,Life-science tools and research services
2021,2020-12-27,2021-12-25,0001100682-23-000006,2023-02-22,390982000,NetIncomeLoss,3540160000,RevenueFromContractWithCustomerExcludingAssessedTax,7024292000,Assets,2534820000,StockholdersEquity,0.1542444828429632,0.1104419009310313,0.5039881599455148,2.7711206318397363,False,False,CRL,1100682,https://www.sec.gov/Archives/edgar/data/1100682/000110068223000006/0001100682-23-000006.txt,Life-science tools and research services
2022,2021-12-26,2022-12-31,0001100682-24-000007,2024-02-14,486226000,NetIncomeLoss,3976060000,RevenueFromContractWithCustomerExcludingAssessedTax,7602770000,Assets,2976293000,StockholdersEquity,0.1633663083574097,0.1222883960503614,0.5229751787835223,2.5544427245570245,False,False,CRL,1100682,https://www.sec.gov/Archives/edgar/data/1100682/000110068224000007/0001100682-24-000007.txt,Life-science tools and research services
2023,2023-01-01,2023-12-30,0001100682-25-000011,2025-02-19,474624000,NetIncomeLoss,4129409000,RevenueFromContractWithCustomerExcludingAssessedTax,8195001000,Assets,3596882000,StockholdersEquity,0.1319542870741937,0.1149375128499017,0.5038936541923545,2.278362481727229,False,False,CRL,1100682,https://www.sec.gov/Archives/edgar/data/1100682/000110068225000011/0001100682-25-000011.txt,Life-science tools and research services
2024,2023-12-31,2024-12-28,0001100682-26-000022,2026-02-18,22203000,NetIncomeLoss,4049989000,RevenueFromContractWithCustomerExcludingAssessedTax,7528345000,Assets,3461503000,StockholdersEquity,0.0064142657105887,0.0054822371122489,0.5379653828298252,2.1748775026339717,False,False,CRL,1100682,https://www.sec.gov/Archives/edgar/data/1100682/000110068226000022/0001100682-26-000022.txt,Life-science tools and research services
2025,2024-12-29,2025-12-27,0001100682-26-000022,2026-02-18,-144338000,NetIncomeLoss,4015382000,RevenueFromContractWithCustomerExcludingAssessedTax,7135422000,Assets,3164630000,StockholdersEquity,-0.045609755326847,-0.0359462686240063,0.5627392465365048,2.254741312570506,False,False,CRL,1100682,https://www.sec.gov/Archives/edgar/data/1100682/000110068226000022/0001100682-26-000022.txt,Life-science tools and research services
2020,2020-01-01,2020-12-31,0001739940-22-000007,2022-02-24,8458000000,ProfitLoss minus NetIncomeLossAttributableToNoncontrollingInterest,160401000000,Revenues,155451000000,Assets,50321000000,StockholdersEquity,0.1680809204904513,0.0527303445739116,1.031842831503175,3.089187416784245,False,False,CI,1739940,https://www.sec.gov/Archives/edgar/data/1739940/000173994022000007/0001739940-22-000007.txt,Insurance and integrated health services
2021,2021-01-01,2021-12-31,0001739940-23-000008,2023-02-23,5365000000,ProfitLoss minus NetIncomeLossAttributableToNoncontrollingInterest,174078000000,Revenues,154889000000,Assets,47112000000,StockholdersEquity,0.113877568347767,0.0308195176874734,1.1238887203093828,3.287676175921209,False,False,CI,1739940,https://www.sec.gov/Archives/edgar/data/1739940/000173994023000008/0001739940-23-000008.txt,Insurance and integrated health services
2022,2022-01-01,2022-12-31,0001739940-24-000005,2024-02-29,6704000000,ProfitLoss minus NetIncomeLossAttributableToNoncontrollingInterest,180518000000,Revenues,143885000000,Assets,44675000000,StockholdersEquity,0.1500615556799104,0.037137570768566,1.254599159050631,3.22070509233352,False,False,CI,1739940,https://www.sec.gov/Archives/edgar/data/1739940/000173994024000005/0001739940-24-000005.txt,Insurance and integrated health services
2023,2023-01-01,2023-12-31,0001739940-25-000009,2025-02-27,5164000000,ProfitLoss minus NetIncomeLossAttributableToNoncontrollingInterest,195265000000,Revenues,152761000000,Assets,46223000000,StockholdersEquity,0.1117192739545248,0.026446111694364,1.2782385556522935,3.3048698699781496,False,False,CI,1739940,https://www.sec.gov/Archives/edgar/data/1739940/000173994025000009/0001739940-25-000009.txt,Insurance and integrated health services
2024,2024-01-01,2024-12-31,0001739940-26-000006,2026-02-26,3434000000,NetIncomeLoss,247121000000,Revenues,155881000000,Assets,41033000000,StockholdersEquity,0.0836887383325616,0.0138960266428187,1.585318287668157,3.798917944093778,False,False,CI,1739940,https://www.sec.gov/Archives/edgar/data/1739940/000173994026000006/0001739940-26-000006.txt,Insurance and integrated health services
2025,2025-01-01,2025-12-31,0001739940-26-000006,2026-02-26,5957000000,NetIncomeLoss,274900000000,Revenues,157919000000,Assets,41713000000,StockholdersEquity,0.1428091961738546,0.0216696980720261,1.7407658356499218,3.785846139093328,False,False,CI,1739940,https://www.sec.gov/Archives/edgar/data/1739940/000173994026000006/0001739940-26-000006.txt,Insurance and integrated health services
2020,2019-11-01,2020-10-31,0000711404-21-000038,2021-12-10,238400000,NetIncomeLoss,2430900000,RevenueFromContractWithCustomerExcludingAssessedTax,6737500000,Assets,3824600000,StockholdersEquity,0.0623333159023165,0.0980706734131391,0.3608014842300556,1.7616221304188673,False,False,COO,711404,https://www.sec.gov/Archives/edgar/data/711404/000071140421000038/0000711404-21-000038.txt,Medical devices and supplies
2021,2020-11-01,2021-10-31,0000711404-22-000053,2022-12-09,2944700000,NetIncomeLoss,2922500000,RevenueFromContractWithCustomerExcludingAssessedTax,9606200000,Assets,6941800000,StockholdersEquity,0.4241983347258636,1.00759623609923,0.3042306010701422,1.3838197585640613,False,False,COO,711404,https://www.sec.gov/Archives/edgar/data/711404/000071140422000053/0000711404-22-000053.txt,Medical devices and supplies
2022,2021-11-01,2022-10-31,0000711404-23-000072,2023-12-08,385800000,NetIncomeLoss,3308400000,RevenueFromContractWithCustomerExcludingAssessedTax,11492300000,Assets,7174500000,StockholdersEquity,0.0537737821450972,0.1166122597025752,0.2878797107628586,1.601825911213325,False,False,COO,711404,https://www.sec.gov/Archives/edgar/data/711404/000071140423000072/0000711404-23-000072.txt,Medical devices and supplies
2023,2022-11-01,2023-10-31,0000711404-24-000074,2024-12-06,294200000,NetIncomeLoss,3593200000,RevenueFromContractWithCustomerExcludingAssessedTax,11658900000,Assets,7550800000,StockholdersEquity,0.0389627589129628,0.0818768785483691,0.3081937404043263,1.5440615563913758,False,False,COO,711404,https://www.sec.gov/Archives/edgar/data/711404/000071140424000074/0000711404-24-000074.txt,Medical devices and supplies
2024,2023-11-01,2024-10-31,0001628280-25-055615,2025-12-05,392300000,NetIncomeLoss,3895400000,RevenueFromContractWithCustomerExcludingAssessedTax,12315200000,Assets,8083400000,StockholdersEquity,0.0485315585026102,0.1007085280073933,0.3163083019358191,1.5235173318158202,False,False,COO,711404,https://www.sec.gov/Archives/edgar/data/711404/000162828025055615/0001628280-25-055615.txt,Medical devices and supplies
2025,2024-11-01,2025-10-31,0001628280-25-055615,2025-12-05,374900000,NetIncomeLoss,4092400000,RevenueFromContractWithCustomerExcludingAssessedTax,12394800000,Assets,8238900000,StockholdersEquity,0.0455036473315612,0.0916088358909197,0.3301707167521864,1.5044241342897715,False,False,COO,711404,https://www.sec.gov/Archives/edgar/data/711404/000162828025055615/0001628280-25-055615.txt,Medical devices and supplies
2020,2020-01-01,2020-12-31,0000064803-22-000008,2022-02-09,7179000000,NetIncomeLoss,268706000000,Revenues,230715000000,Assets,69389000000,StockholdersEquity,0.1034602026257764,0.0267169322605375,1.164666363262033,3.324950640591448,False,False,CVS,64803,https://www.sec.gov/Archives/edgar/data/64803/000006480322000008/0000064803-22-000008.txt,Insurance and integrated health services
2021,2021-01-01,2021-12-31,0000064803-23-000009,2023-02-08,7910000000,NetIncomeLoss,292111000000,Revenues,232999000000,Assets,75075000000,StockholdersEquity,0.1053613053613053,0.0270787474624372,1.2537006596594835,3.1035497835497834,False,False,CVS,64803,https://www.sec.gov/Archives/edgar/data/64803/000006480323000009/0000064803-23-000009.txt,Insurance and integrated health services
2022,2022-01-01,2022-12-31,0000064803-24-000007,2024-02-07,4311000000,NetIncomeLoss,322467000000,Revenues,228275000000,Assets,71469000000,StockholdersEquity,0.0603198589598287,0.0133688098317037,1.412625123206659,3.1940421721305743,False,False,CVS,64803,https://www.sec.gov/Archives/edgar/data/64803/000006480324000007/0000064803-24-000007.txt,Insurance and integrated health services
2023,2023-01-01,2023-12-31,0000064803-25-000007,2025-02-12,8344000000,NetIncomeLoss,357776000000,Revenues,249728000000,Assets,76461000000,StockholdersEquity,0.1091275290671061,0.0233218550154286,1.432662737057919,3.2660833627601,False,False,CVS,64803,https://www.sec.gov/Archives/edgar/data/64803/000006480325000007/0000064803-25-000007.txt,Insurance and integrated health services
2024,2024-01-01,2024-12-31,0000064803-26-000010,2026-02-10,4614000000,NetIncomeLoss,372809000000,Revenues,253215000000,Assets,75560000000,StockholdersEquity,0.0610640550555849,0.0123763106577362,1.4723021937878875,3.351177871889889,False,False,CVS,64803,https://www.sec.gov/Archives/edgar/data/64803/000006480326000010/0000064803-26-000010.txt,Insurance and integrated health services
2025,2025-01-01,2025-12-31,0000064803-26-000010,2026-02-10,1768000000,NetIncomeLoss,402067000000,Revenues,253538000000,Assets,75214000000,StockholdersEquity,0.0235062621320498,0.0043972770707369,1.585825398954003,3.370888398436461,False,False,CVS,64803,https://www.sec.gov/Archives/edgar/data/64803/000006480326000010/0000064803-26-000010.txt,Insurance and integrated health services
2020,2020-01-01,2020-12-31,0000313616-22-000061,2022-02-23,3646000000,NetIncomeLoss,22284000000,RevenueFromContractWithCustomerExcludingAssessedTax,76161000000,Assets,39766000000,StockholdersEquity,0.0916863652366343,0.1636151498833243,0.2925906960255249,1.9152290901775384,False,False,DHR,313616,https://www.sec.gov/Archives/edgar/data/313616/000031361622000061/0000313616-22-000061.txt,Life-science tools and research services
2021,2021-01-01,2021-12-31,0000313616-23-000087,2023-02-22,6433000000,NetIncomeLoss,29453000000,RevenueFromContractWithCustomerExcludingAssessedTax,83184000000,Assets,45167000000,StockholdersEquity,0.142426993158722,0.2184157810749329,0.3540704943258319,1.8416985852502932,False,False,DHR,313616,https://www.sec.gov/Archives/edgar/data/313616/000031361623000087/0000313616-23-000087.txt,Life-science tools and research services
2022,2022-01-01,2022-12-31,0000313616-24-000052,2024-02-21,7209000000,NetIncomeLoss,26643000000,RevenueFromContractWithCustomerExcludingAssessedTax,84350000000,Assets,50082000000,StockholdersEquity,0.1439439319515993,0.2705776376534174,0.3158624777711915,1.6842378499261212,False,False,DHR,313616,https://www.sec.gov/Archives/edgar/data/313616/000031361624000052/0000313616-24-000052.txt,Life-science tools and research services
2023,2023-01-01,2023-12-31,0000313616-25-000043,2025-02-20,4764000000,NetIncomeLoss,23890000000,RevenueFromContractWithCustomerExcludingAssessedTax,84488000000,Assets,53486000000,StockholdersEquity,0.089070037019033,0.1994139807450816,0.2827620490483856,1.5796283139513143,False,False,DHR,313616,https://www.sec.gov/Archives/edgar/data/313616/000031361625000043/0000313616-25-000043.txt,Life-science tools and research services
2024,2024-01-01,2024-12-31,0000313616-26-000062,2026-02-24,3899000000,NetIncomeLoss,23875000000,RevenueFromContractWithCustomerExcludingAssessedTax,77542000000,Assets,49543000000,StockholdersEquity,0.0786993117090204,0.1633089005235602,0.3078976554641355,1.565145429223099,False,False,DHR,313616,https://www.sec.gov/Archives/edgar/data/313616/000031361626000062/0000313616-26-000062.txt,Life-science tools and research services
2025,2025-01-01,2025-12-31,0000313616-26-000062,2026-02-24,3614000000,NetIncomeLoss,24568000000,RevenueFromContractWithCustomerExcludingAssessedTax,83464000000,Assets,52534000000,StockholdersEquity,0.0687935432291468,0.1471019211983067,0.2943544522189207,1.5887615639395438,False,False,DHR,313616,https://www.sec.gov/Archives/edgar/data/313616/000031361626000062/0000313616-26-000062.txt,Life-science tools and research services
2020,2020-01-01,2020-12-31,0001093557-22-000014,2022-02-14,493600000,NetIncomeLoss,1926700000,RevenueFromContractWithCustomerExcludingAssessedTax,4290500000,Assets,1826500000,StockholdersEquity,0.2702436353681905,0.2561893392847875,0.449061880899662,2.349028196003285,False,False,DXCM,1093557,https://www.sec.gov/Archives/edgar/data/1093557/000109355722000014/0001093557-22-000014.txt,Medical devices and supplies
2021,2021-01-01,2021-12-31,0001093557-23-000024,2023-02-09,216900000,NetIncomeLoss,2448500000,RevenueFromContractWithCustomerExcludingAssessedTax,4933300000,Assets,2042100000,StockholdersEquity,0.1062141912736888,0.0885848478660404,0.4963209210873046,2.415797463395524,False,False,DXCM,1093557,https://www.sec.gov/Archives/edgar/data/1093557/000109355723000024/0001093557-23-000024.txt,Medical devices and supplies
2022,2022-01-01,2022-12-31,0001093557-24-000021,2024-02-08,341200000,NetIncomeLoss,2909800000,RevenueFromContractWithCustomerExcludingAssessedTax,5391700000,Assets,2131800000,StockholdersEquity,0.1600525377615161,0.1172589181387036,0.5396813620935883,2.5291772211276857,False,False,DXCM,1093557,https://www.sec.gov/Archives/edgar/data/1093557/000109355724000021/0001093557-24-000021.txt,Medical devices and supplies
2023,2023-01-01,2023-12-31,0001093557-25-000036,2025-02-18,541500000,NetIncomeLoss,3622300000,RevenueFromContractWithCustomerExcludingAssessedTax,6264500000,Assets,2068600000,StockholdersEquity,0.2617712462535048,0.1494906551086326,0.5782265144863916,3.028376679880112,False,False,DXCM,1093557,https://www.sec.gov/Archives/edgar/data/1093557/000109355725000036/0001093557-25-000036.txt,Medical devices and supplies
2024,2024-01-01,2024-12-31,0001093557-26-000027,2026-02-12,576200000,NetIncomeLoss,4033000000,RevenueFromContractWithCustomerExcludingAssessedTax,6484500000,Assets,2102600000,StockholdersEquity,0.2740416627033197,0.1428713116786511,0.6219446372118128,3.084038809093504,False,False,DXCM,1093557,https://www.sec.gov/Archives/edgar/data/1093557/000109355726000027/0001093557-26-000027.txt,Medical devices and supplies
2025,2025-01-01,2025-12-31,0001093557-26-000027,2026-02-12,836300000,NetIncomeLoss,4662000000,RevenueFromContractWithCustomerExcludingAssessedTax,6339900000,Assets,2746000000,StockholdersEquity,0.3045520757465404,0.1793865293865293,0.7353428287512421,2.3087764020393298,False,False,DXCM,1093557,https://www.sec.gov/Archives/edgar/data/1093557/000109355726000027/0001093557-26-000027.txt,Medical devices and supplies
2020,2020-01-01,2020-12-31,0001156039-22-000009,2022-02-16,4572000000,NetIncomeLoss,121867000000,Revenues,86615000000,Assets,33199000000,StockholdersEquity,0.137714991415404,0.0375163087628316,1.4069964786699762,2.6089641254254645,False,False,ELV,1156039,https://www.sec.gov/Archives/edgar/data/1156039/000115603922000009/0001156039-22-000009.txt,Insurance and integrated health services
2021,2021-01-01,2021-12-31,0001156039-23-000007,2023-02-15,6104000000,NetIncomeLoss,138639000000,Revenues,97460000000,Assets,36060000000,StockholdersEquity,0.169273433166944,0.0440280152049567,1.422522060332444,2.7027176927343315,False,False,ELV,1156039,https://www.sec.gov/Archives/edgar/data/1156039/000115603923000007/0001156039-23-000007.txt,Insurance and integrated health services
2022,2022-01-01,2022-12-31,0001156039-24-000015,2024-02-21,5894000000,NetIncomeLoss,156595000000,Revenues,102755000000,Assets,36243000000,StockholdersEquity,0.1626245068013133,0.0376384942047958,1.523964770570775,2.8351681704053195,False,False,ELV,1156039,https://www.sec.gov/Archives/edgar/data/1156039/000115603924000015/0001156039-24-000015.txt,Insurance and integrated health services
2023,2023-01-01,2023-12-31,0001156039-25-000010,2025-02-20,5987000000,NetIncomeLoss,171340000000,Revenues,108928000000,Assets,39306000000,StockholdersEquity,0.1523177123085534,0.0349422201470759,1.5729656286721505,2.7712817381570245,False,False,ELV,1156039,https://www.sec.gov/Archives/edgar/data/1156039/000115603925000010/0001156039-25-000010.txt,Insurance and integrated health services
2024,2024-01-01,2024-12-31,0001156039-26-000013,2026-02-06,5980000000,NetIncomeLoss,177011000000,Revenues,116889000000,Assets,41315000000,StockholdersEquity,0.1447416192666102,0.0337832112128624,1.5143512220995987,2.8292145709790635,False,False,ELV,1156039,https://www.sec.gov/Archives/edgar/data/1156039/000115603926000013/0001156039-26-000013.txt,Insurance and integrated health services
2025,2025-01-01,2025-12-31,0001156039-26-000013,2026-02-06,5662000000,NetIncomeLoss,199125000000,Revenues,121494000000,Assets,43882000000,StockholdersEquity,0.1290278474089604,0.0284344005021971,1.6389698256704035,2.7686522947905745,False,False,ELV,1156039,https://www.sec.gov/Archives/edgar/data/1156039/000115603926000013/0001156039-26-000013.txt,Insurance and integrated health services
2020,2020-01-01,2020-12-31,0000882095-22-000007,2022-02-23,123000000,NetIncomeLoss,24689000000,RevenueFromContractWithCustomerExcludingAssessedTax,68407000000,Assets,18202000000,StockholdersEquity,0.0067574991759147,0.0049819757786868,0.3609133568202085,3.758213383144709,False,False,GILD,882095,https://www.sec.gov/Archives/edgar/data/882095/000088209522000007/0000882095-22-000007.txt,Pharmaceuticals and biotechnology
2021,2021-01-01,2021-12-31,0000882095-23-000007,2023-02-22,6225000000,NetIncomeLoss,27305000000,RevenueFromContractWithCustomerExcludingAssessedTax,67952000000,Assets,21069000000,StockholdersEquity,0.2954577815748255,0.2279802234023072,0.4018277607723098,3.225212397361052,False,False,GILD,882095,https://www.sec.gov/Archives/edgar/data/882095/000088209523000007/0000882095-23-000007.txt,Pharmaceuticals and biotechnology
2022,2022-01-01,2022-12-31,0000882095-24-000007,2024-02-23,4592000000,NetIncomeLoss,27281000000,RevenueFromContractWithCustomerExcludingAssessedTax,63171000000,Assets,21240000000,StockholdersEquity,0.2161958568738229,0.1683222755764085,0.4318595558088363,2.9741525423728814,False,False,GILD,882095,https://www.sec.gov/Archives/edgar/data/882095/000088209524000007/0000882095-24-000007.txt,Pharmaceuticals and biotechnology
2023,2023-01-01,2023-12-31,0000882095-25-000006,2025-02-28,5665000000,NetIncomeLoss,27116000000,RevenueFromContractWithCustomerExcludingAssessedTax,62125000000,Assets,22833000000,StockholdersEquity,0.2481058117636753,0.208917244431332,0.4364748490945674,2.7208426400385406,False,False,GILD,882095,https://www.sec.gov/Archives/edgar/data/882095/000088209525000006/0000882095-25-000006.txt,Pharmaceuticals and biotechnology
2024,2024-01-01,2024-12-31,0000882095-26-000006,2026-02-24,480000000,NetIncomeLoss,28754000000,RevenueFromContractWithCustomerExcludingAssessedTax,58995000000,Assets,19330000000,StockholdersEquity,0.0248318675633729,0.0166933296237045,0.4873972370539876,3.051991722710812,False,False,GILD,882095,https://www.sec.gov/Archives/edgar/data/882095/000088209526000006/0000882095-26-000006.txt,Pharmaceuticals and biotechnology
2025,2025-01-01,2025-12-31,0000882095-26-000006,2026-02-24,8510000000,NetIncomeLoss,29443000000,RevenueFromContractWithCustomerExcludingAssessedTax,59023000000,Assets,22703000000,StockholdersEquity,0.3748403294718759,0.2890330469041877,0.4988394354743066,2.599788574197243,False,False,GILD,882095,https://www.sec.gov/Archives/edgar/data/882095/000088209526000006/0000882095-26-000006.txt,Pharmaceuticals and biotechnology
2020,2019-12-29,2020-12-26,0001000228-22-000016,2022-02-15,403794000,NetIncomeLoss,10119141000,RevenueFromContractWithCustomerExcludingAssessedTax,7772532000,Assets,3348172000,StockholdersEquity,0.120601331114411,0.0399039799919775,1.3019104971198574,2.321425542056979,False,False,HSIC,1000228,https://www.sec.gov/Archives/edgar/data/1000228/000100022822000016/0001000228-22-000016.txt,Healthcare distribution
2021,2020-12-27,2021-12-25,0001000228-23-000011,2023-02-21,631000000,NetIncomeLoss,12401000000,RevenueFromContractWithCustomerExcludingAssessedTax,8481000000,Assets,3425000000,StockholdersEquity,0.1842335766423357,0.0508829933069913,1.4622096450890223,2.476204379562044,False,False,HSIC,1000228,https://www.sec.gov/Archives/edgar/data/1000228/000100022823000011/0001000228-23-000011.txt,Healthcare distribution
2022,2021-12-26,2022-12-31,0001000228-24-000011,2024-02-28,538000000,NetIncomeLoss,12647000000,RevenueFromContractWithCustomerExcludingAssessedTax,8607000000,Assets,3446000000,StockholdersEquity,0.1561230412071967,0.0425397327429429,1.4693853839897757,2.4976784677887407,False,False,HSIC,1000228,https://www.sec.gov/Archives/edgar/data/1000228/000100022824000011/0001000228-24-000011.txt,Healthcare distribution
2023,2023-01-01,2023-12-30,0001000228-25-000014,2025-02-25,416000000,NetIncomeLoss,12339000000,RevenueFromContractWithCustomerExcludingAssessedTax,10573000000,Assets,3655000000,StockholdersEquity,0.1138166894664842,0.0337142394035173,1.1670292253854158,2.892749658002736,False,False,HSIC,1000228,https://www.sec.gov/Archives/edgar/data/1000228/000100022825000014/0001000228-25-000014.txt,Healthcare distribution
2024,2023-12-31,2024-12-28,0001000228-26-000013,2026-02-24,390000000,NetIncomeLoss,12673000000,RevenueFromContractWithCustomerExcludingAssessedTax,10218000000,Assets,3393000000,StockholdersEquity,0.1149425287356321,0.03077408664089,1.240262282247015,3.0114942528735638,False,False,HSIC,1000228,https://www.sec.gov/Archives/edgar/data/1000228/000100022826000013/0001000228-26-000013.txt,Healthcare distribution
2025,2024-12-29,2025-12-27,0001000228-26-000013,2026-02-24,398000000,NetIncomeLoss,13184000000,RevenueFromContractWithCustomerExcludingAssessedTax,11215000000,Assets,3245000000,StockholdersEquity,0.1226502311248074,0.0301881067961165,1.1755684351315203,3.456086286594761,False,False,HSIC,1000228,https://www.sec.gov/Archives/edgar/data/1000228/000100022826000013/0001000228-26-000013.txt,Healthcare distribution
2020,2020-01-01,2020-12-31,0000049071-22-000017,2022-02-17,3367000000,NetIncomeLoss,77155000000,Revenues,34969000000,Assets,13728000000,StockholdersEquityIncludingPortionAttributableToNoncontrollingInterest minus MinorityInterest,0.2452651515151515,0.0436394271272114,2.206382796190912,2.547275641025641,False,False,HUM,49071,https://www.sec.gov/Archives/edgar/data/49071/000004907122000017/0000049071-22-000017.txt,Insurance and integrated health services
2021,2021-01-01,2021-12-31,0000049071-23-000011,2023-02-16,2933000000,NetIncomeLoss,83064000000,Revenues,44358000000,Assets,16080000000,StockholdersEquity,0.1824004975124378,0.0353101223153231,1.8725821723251723,2.7585820895522386,False,False,HUM,49071,https://www.sec.gov/Archives/edgar/data/49071/000004907123000011/0000049071-23-000011.txt,Insurance and integrated health services
2022,2022-01-01,2022-12-31,0000049071-24-000012,2024-02-15,2806000000,NetIncomeLoss,92870000000,Revenues,43055000000,Assets,15311000000,StockholdersEquity,0.1832669322709163,0.0302142780230429,2.157008477528742,2.812030566259552,False,False,HUM,49071,https://www.sec.gov/Archives/edgar/data/49071/000004907124000012/0000049071-24-000012.txt,Insurance and integrated health services
2023,2023-01-01,2023-12-31,0000049071-25-000007,2025-02-20,2489000000,NetIncomeLoss,106374000000,Revenues,47065000000,Assets,16262000000,StockholdersEquity,0.1530562046488746,0.0233985748397164,2.260150855200255,2.8941704587381625,False,False,HUM,49071,https://www.sec.gov/Archives/edgar/data/49071/000004907125000007/0000049071-25-000007.txt,Insurance and integrated health services
2024,2024-01-01,2024-12-31,0000049071-26-000009,2026-02-19,1207000000,NetIncomeLoss,117761000000,Revenues,46479000000,Assets,16375000000,StockholdersEquity,0.0737099236641221,0.0102495732882703,2.533638847651628,2.838412213740458,False,False,HUM,49071,https://www.sec.gov/Archives/edgar/data/49071/000004907126000009/0000049071-26-000009.txt,Insurance and integrated health services
2025,2025-01-01,2025-12-31,0000049071-26-000009,2026-02-19,1188000000,NetIncomeLoss,129664000000,Revenues,48909000000,Assets,17657000000,StockholdersEquity,0.0672820977515999,0.0091621421520236,2.651127604326402,2.769949595061449,False,False,HUM,49071,https://www.sec.gov/Archives/edgar/data/49071/000004907126000009/0000049071-26-000009.txt,Insurance and integrated health services
2020,2020-01-01,2020-12-31,0000874716-22-000007,2022-02-16,581776000,NetIncomeLoss,2706655000,RevenueFromContractWithCustomerExcludingAssessedTax,2294561000,Assets,632088000,StockholdersEquity,0.9204034881219072,0.2149427983987615,1.1795960098685545,3.630129032666338,False,False,IDXX,874716,https://www.sec.gov/Archives/edgar/data/874716/000087471622000007/0000874716-22-000007.txt,Veterinary diagnostics
2021,2021-01-01,2021-12-31,0000874716-23-000006,2023-02-16,744845000,NetIncomeLoss,3215360000,RevenueFromContractWithCustomerExcludingAssessedTax,2437203000,Assets,689992000,StockholdersEquity,1.079498023165486,0.2316521322651273,1.3192828008171662,3.532219214135816,False,False,IDXX,874716,https://www.sec.gov/Archives/edgar/data/874716/000087471623000006/0000874716-23-000006.txt,Veterinary diagnostics
2022,2022-01-01,2022-12-31,0000874716-24-000057,2024-02-22,679089000,NetIncomeLoss,3367324000,RevenueFromContractWithCustomerExcludingAssessedTax,2746765000,Assets,608737000,StockholdersEquity,1.1155704351797249,0.2016702283474949,1.2259235864735425,4.512235990255234,False,False,IDXX,874716,https://www.sec.gov/Archives/edgar/data/874716/000087471624000057/0000874716-24-000057.txt,Veterinary diagnostics
2023,2023-01-01,2023-12-31,0000874716-25-000037,2025-02-21,845042000,NetIncomeLoss,3660953000,RevenueFromContractWithCustomerExcludingAssessedTax,3259925000,Assets,1484530000,StockholdersEquity,0.5692320128256081,0.2308256893765093,1.1230175540848333,2.1959306986049456,False,False,IDXX,874716,https://www.sec.gov/Archives/edgar/data/874716/000087471625000037/0000874716-25-000037.txt,Veterinary diagnostics
2024,2024-01-01,2024-12-31,0000874716-26-000038,2026-02-20,887867000,NetIncomeLoss,3897504000,RevenueFromContractWithCustomerExcludingAssessedTax,3293443000,Assets,1595313000,StockholdersEquity,0.5565472104847137,0.2278039996880054,1.1834132243976896,2.064449421524177,False,False,IDXX,874716,https://www.sec.gov/Archives/edgar/data/874716/000087471626000038/0000874716-26-000038.txt,Veterinary diagnostics
2025,2025-01-01,2025-12-31,0000874716-26-000038,2026-02-20,1059464000,NetIncomeLoss,4303702000,RevenueFromContractWithCustomerExcludingAssessedTax,3350759000,Assets,1605383000,StockholdersEquity,0.6599446985547996,0.2461750372121489,1.2843961621829565,2.087202243950509,False,False,IDXX,874716,https://www.sec.gov/Archives/edgar/data/874716/000087471626000038/0000874716-26-000038.txt,Veterinary diagnostics
2020,2020-01-01,2020-12-31,0001558370-22-000902,2022-02-08,-295697000,NetIncomeLoss,2666702000,RevenueFromContractWithCustomerExcludingAssessedTax,3560918000,Assets,2611268000,StockholdersEquity,-0.1132388556057823,-0.1108849057749984,0.748880485313057,1.3636738932962835,False,False,INCY,879169,https://www.sec.gov/Archives/edgar/data/879169/000155837022000902/0001558370-22-000902.txt,Pharmaceuticals and biotechnology
2021,2021-01-01,2021-12-31,0000879169-23-000008,2023-02-07,948581000,NetIncomeLoss,2986267000,RevenueFromContractWithCustomerExcludingAssessedTax,4933352000,Assets,3770004000,StockholdersEquity,0.2516127303843709,0.317647752193625,0.6053221014839403,1.308580043946903,False,False,INCY,879169,https://www.sec.gov/Archives/edgar/data/879169/000087916923000008/0000879169-23-000008.txt,Pharmaceuticals and biotechnology
2022,2022-01-01,2022-12-31,0000879169-24-000045,2024-02-13,340660000,NetIncomeLoss,3394635000,RevenueFromContractWithCustomerExcludingAssessedTax,5840984000,Assets,4370119000,StockholdersEquity,0.0779521106862307,0.1003524679383792,0.5811751923990889,1.3365732145966736,False,False,INCY,879169,https://www.sec.gov/Archives/edgar/data/879169/000087916924000045/0000879169-24-000045.txt,Pharmaceuticals and biotechnology
2023,2023-01-01,2023-12-31,0001628280-25-004633,2025-02-10,597599000,NetIncomeLoss,3695649000,RevenueFromContractWithCustomerExcludingAssessedTax,6782107000,Assets,5189837000,StockholdersEquity,0.1151479323917109,0.1617033976982121,0.5449116329187965,1.3068053967783575,False,False,INCY,879169,https://www.sec.gov/Archives/edgar/data/879169/000162828025004633/0001628280-25-004633.txt,Pharmaceuticals and biotechnology
2024,2024-01-01,2024-12-31,0000879169-26-000010,2026-02-10,32615000,NetIncomeLoss,4241217000,RevenueFromContractWithCustomerExcludingAssessedTax,5444322000,Assets,3447628000,StockholdersEquity,0.00946012736873,0.0076900097306975,0.7790165607397946,1.579150070715286,False,False,INCY,879169,https://www.sec.gov/Archives/edgar/data/879169/000087916926000010/0000879169-26-000010.txt,Pharmaceuticals and biotechnology
2025,2025-01-01,2025-12-31,0000879169-26-000010,2026-02-10,1286650000,NetIncomeLoss,5141242000,RevenueFromContractWithCustomerExcludingAssessedTax,6957973000,Assets,5167478000,StockholdersEquity,0.2489899328066805,0.2502605401574172,0.7388993892330424,1.3464930087752671,False,False,INCY,879169,https://www.sec.gov/Archives/edgar/data/879169/000087916926000010/0000879169-26-000010.txt,Pharmaceuticals and biotechnology
2020,2020-01-01,2020-12-31,0001145197-22-000012,2022-02-24,6800000,NetIncomeLoss,904400000,RevenueFromContractWithCustomerExcludingAssessedTax,1872900000,Assets,603600000,StockholdersEquity,0.0112657388999337,0.0075187969924812,0.4828875006674141,3.102882703777336,False,False,PODD,1145197,https://www.sec.gov/Archives/edgar/data/1145197/000114519722000012/0001145197-22-000012.txt,Medical devices and supplies
2021,2021-01-01,2021-12-31,0001145197-23-000020,2023-02-24,16800000,NetIncomeLoss,1098800000,Revenues,2048800000,Assets,556300000,StockholdersEquity,0.0301995326262807,0.0152894066254095,0.5363139398672394,3.682904907424052,False,False,PODD,1145197,https://www.sec.gov/Archives/edgar/data/1145197/000114519723000020/0001145197-23-000020.txt,Medical devices and supplies
2022,2022-01-01,2022-12-31,0001145197-24-000011,2024-02-23,4600000,NetIncomeLoss,1305300000,Revenues,2251100000,Assets,476400000,StockholdersEquity,0.0096557514693534,0.0035240940779897,0.5798498511838657,4.725230898404702,False,False,PODD,1145197,https://www.sec.gov/Archives/edgar/data/1145197/000114519724000011/0001145197-24-000011.txt,Medical devices and supplies
2023,2023-01-01,2023-12-31,0001145197-25-000007,2025-02-21,206300000,NetIncomeLoss,1697100000,Revenues,2588200000,Assets,732700000,StockholdersEquity,0.2815613484372867,0.1215603087620057,0.6557066687273009,3.53241435785451,False,False,PODD,1145197,https://www.sec.gov/Archives/edgar/data/1145197/000114519725000007/0001145197-25-000007.txt,Medical devices and supplies
2024,2024-01-01,2024-12-31,0001145197-26-000028,2026-02-18,418300000,NetIncomeLoss,2071600000,Revenues,3087700000,Assets,1211600000,StockholdersEquity,0.3452459557609772,0.2019212203128016,0.6709201023415488,2.5484483327830967,False,False,PODD,1145197,https://www.sec.gov/Archives/edgar/data/1145197/000114519726000028/0001145197-26-000028.txt,Medical devices and supplies
2025,2025-01-01,2025-12-31,0001145197-26-000028,2026-02-18,247100000,NetIncomeLoss,2708100000,Revenues,3190400000,Assets,1515200000,StockholdersEquity,0.1630807814149947,0.0912447841660204,0.8488277331995988,2.105596620908131,False,False,PODD,1145197,https://www.sec.gov/Archives/edgar/data/1145197/000114519726000028/0001145197-26-000028.txt,Medical devices and supplies
2020,2020-01-01,2020-12-31,0001035267-22-000014,2022-02-03,1060600000,NetIncomeLoss,4358400000,RevenueFromContractWithCustomerExcludingAssessedTax,11168900000,Assets,9731500000,StockholdersEquity,0.1089862816626419,0.2433461820851688,0.3902264323254752,1.1477059035092223,False,False,ISRG,1035267,https://www.sec.gov/Archives/edgar/data/1035267/000103526722000014/0001035267-22-000014.txt,Medical devices and supplies
2021,2021-01-01,2021-12-31,0001035267-23-000019,2023-02-10,1704600000,NetIncomeLoss,5710100000,RevenueFromContractWithCustomerExcludingAssessedTax,13555000000,Assets,11901100000,StockholdersEquity,0.143230457688785,0.2985236685872401,0.421254149760236,1.138970347278823,False,False,ISRG,1035267,https://www.sec.gov/Archives/edgar/data/1035267/000103526723000019/0001035267-23-000019.txt,Medical devices and supplies
2022,2022-01-01,2022-12-31,0001035267-24-000021,2024-01-31,1322300000,NetIncomeLoss,6222200000,RevenueFromContractWithCustomerExcludingAssessedTax,12974000000,Assets,11041900000,StockholdersEquity,0.1197529410699245,0.2125132589759249,0.4795899491290273,1.1749789438411868,False,False,ISRG,1035267,https://www.sec.gov/Archives/edgar/data/1035267/000103526724000021/0001035267-24-000021.txt,Medical devices and supplies
2023,2023-01-01,2023-12-31,0001035267-25-000017,2025-01-31,1798000000,NetIncomeLoss,7124100000,RevenueFromContractWithCustomerExcludingAssessedTax,15441500000,Assets,13307600000,StockholdersEquity,0.135110763774084,0.2523827571201976,0.4613606191108377,1.1603519793200878,False,False,ISRG,1035267,https://www.sec.gov/Archives/edgar/data/1035267/000103526725000017/0001035267-25-000017.txt,Medical devices and supplies
2024,2024-01-01,2024-12-31,0001035267-26-000010,2026-02-03,2322600000,NetIncomeLoss,8352100000,RevenueFromContractWithCustomerExcludingAssessedTax,18743200000,Assets,16433700000,StockholdersEquity,0.1413315321564833,0.2780857508889979,0.445606940116949,1.1405343896992155,False,False,ISRG,1035267,https://www.sec.gov/Archives/edgar/data/1035267/000103526726000010/0001035267-26-000010.txt,Medical devices and supplies
2025,2025-01-01,2025-12-31,0001035267-26-000010,2026-02-03,2856000000,NetIncomeLoss,10064700000,RevenueFromContractWithCustomerExcludingAssessedTax,20458700000,Assets,17824000000,StockholdersEquity,0.1602333931777378,0.283764046618379,0.4919520790666074,1.1478175493716338,False,False,ISRG,1035267,https://www.sec.gov/Archives/edgar/data/1035267/000103526726000010/0001035267-26-000010.txt,Medical devices and supplies
2020,2020-01-01,2020-12-31,0000920148-22-000015,2022-02-25,1556100000,NetIncomeLoss,13978500000,Revenues,20071700000,Assets,9436600000,StockholdersEquity,0.1649004938219274,0.1113209571842472,0.6964283045282662,2.1270054892652013,False,False,LH,920148,https://www.sec.gov/Archives/edgar/data/920148/000092014822000015/0000920148-22-000015.txt,Care providers and diagnostic services
2021,2021-01-01,2021-12-31,0000920148-23-000017,2023-02-28,2377300000,NetIncomeLoss,16120900000,Revenues,20385400000,Assets,10273400000,StockholdersEquity,0.2314034302178441,0.1474669528376207,0.7908061651966604,1.984289524402827,False,False,LH,920148,https://www.sec.gov/Archives/edgar/data/920148/000092014823000017/0000920148-23-000017.txt,Care providers and diagnostic services
2022,2022-01-01,2022-12-31,0000920148-24-000014,2024-02-26,1279100000,NetIncomeLoss,11863900000,Revenues,20155100000,Assets,10096600000,StockholdersEquity,0.1266862111998098,0.1078144623606065,0.5886301730083204,1.996226452469148,False,False,LH,920148,https://www.sec.gov/Archives/edgar/data/920148/000092014824000014/0000920148-24-000014.txt,Care providers and diagnostic services
2023,2023-01-01,2023-12-31,0000920148-25-000032,2025-02-25,418000000,NetIncomeLoss,12161600000,Revenues,16725100000,Assets,7875000000,StockholdersEquity,0.053079365079365,0.0343704775687409,0.7271466239364787,2.123822222222222,False,False,LH,920148,https://www.sec.gov/Archives/edgar/data/920148/000092014825000032/0000920148-25-000032.txt,Care providers and diagnostic services
2024,2024-01-01,2024-12-31,0000920148-26-000111,2026-02-24,746000000,NetIncomeLoss,13008900000,Revenues,18379000000,Assets,8052200000,StockholdersEquity,0.0926454881895631,0.0573453558717493,0.7078132651395614,2.2824818062144505,False,False,LH,920148,https://www.sec.gov/Archives/edgar/data/920148/000092014826000111/0000920148-26-000111.txt,Care providers and diagnostic services
2025,2025-01-01,2025-12-31,0000920148-26-000111,2026-02-24,876500000,NetIncomeLoss,13951700000,Revenues,18392700000,Assets,8619800000,StockholdersEquity,0.1016844938397642,0.0628238852612943,0.7585455099033855,2.1337734054154387,False,False,LH,920148,https://www.sec.gov/Archives/edgar/data/920148/000092014826000111/0000920148-26-000111.txt,Care providers and diagnostic services
2020,2020-01-01,2020-12-31,0000059478-22-000068,2022-02-23,6193700000,NetIncomeLoss,24539800000,Revenues,46633100000,Assets,5641600000,StockholdersEquity,1.0978623085649462,0.2523940700413206,0.5262313678481594,8.265935195689167,False,False,LLY,59478,https://www.sec.gov/Archives/edgar/data/59478/000005947822000068/0000059478-22-000068.txt,Pharmaceuticals and biotechnology
2021,2021-01-01,2021-12-31,0000059478-23-000082,2023-02-22,5581700000,NetIncomeLoss,28318400000,Revenues,48806000000,Assets,8979200000,StockholdersEquity,0.6216255345687812,0.1971050624329058,0.5802237429824202,5.435450819672131,False,False,LLY,59478,https://www.sec.gov/Archives/edgar/data/59478/000005947823000082/0000059478-23-000082.txt,Pharmaceuticals and biotechnology
2022,2022-01-01,2022-12-31,0000059478-24-000065,2024-02-21,6244800000,NetIncomeLoss,28541400000,Revenues,49489800000,Assets,10649800000,StockholdersEquity,0.5863772089616707,0.2187979566524417,0.5767127771783277,4.647016845386768,False,False,LLY,59478,https://www.sec.gov/Archives/edgar/data/59478/000005947824000065/0000059478-24-000065.txt,Pharmaceuticals and biotechnology
2023,2023-01-01,2023-12-31,0000059478-25-000067,2025-02-19,5240400000,NetIncomeLoss,34124100000,Revenues,64006300000,Assets,10771900000,StockholdersEquity,0.4864879919048636,0.1535688853332395,0.5331365818677224,5.941969383302853,False,False,LLY,59478,https://www.sec.gov/Archives/edgar/data/59478/000005947825000067/0000059478-25-000067.txt,Pharmaceuticals and biotechnology
2024,2024-01-01,2024-12-31,0000059478-26-000013,2026-02-12,10590000000,NetIncomeLoss,45043000000,Revenues,78715000000,Assets,14272000000,StockholdersEquity,0.7420123318385651,0.2351086739337965,0.572228927142222,5.515344730941704,False,False,LLY,59478,https://www.sec.gov/Archives/edgar/data/59478/000005947826000013/0000059478-26-000013.txt,Pharmaceuticals and biotechnology
2025,2025-01-01,2025-12-31,0000059478-26-000013,2026-02-12,20640000000,NetIncomeLoss,65179000000,Revenues,112476000000,Assets,26535000000,StockholdersEquity,0.7778405879027699,0.3166664109605854,0.5794925139585334,4.238778971170152,False,False,LLY,59478,https://www.sec.gov/Archives/edgar/data/59478/000005947826000013/0000059478-26-000013.txt,Pharmaceuticals and biotechnology
2020,2019-04-27,2020-04-24,0001613103-21-000027,2021-06-25,4789000000,NetIncomeLoss,28913000000,RevenueFromContractWithCustomerExcludingAssessedTax,90689000000,Assets,50737000000,StockholdersEquity,0.0943887104085775,0.165634835541106,0.3188148507536746,1.7874332341289394,False,False,MDT,1613103,https://www.sec.gov/Archives/edgar/data/1613103/000161310321000027/0001613103-21-000027.txt,Medical devices and supplies
2021,2020-04-25,2021-04-30,0001613103-22-000023,2022-06-23,3606000000,NetIncomeLoss,30117000000,RevenueFromContractWithCustomerExcludingAssessedTax,93083000000,Assets,51428000000,StockholdersEquity,0.0701174457493972,0.1197330411395557,0.3235499500445838,1.8099673329703665,False,False,MDT,1613103,https://www.sec.gov/Archives/edgar/data/1613103/000161310322000023/0001613103-22-000023.txt,Medical devices and supplies
2022,2021-05-01,2022-04-29,0001613103-23-000040,2023-06-22,5039000000,NetIncomeLoss,31686000000,RevenueFromContractWithCustomerExcludingAssessedTax,90981000000,Assets,52551000000,StockholdersEquity,0.0958878042282734,0.1590292242630815,0.348270518020246,1.7312896043843125,False,False,MDT,1613103,https://www.sec.gov/Archives/edgar/data/1613103/000161310323000040/0001613103-23-000040.txt,Medical devices and supplies
2023,2022-04-30,2023-04-28,0001613103-24-000072,2024-06-20,3758000000,NetIncomeLoss,31227000000,RevenueFromContractWithCustomerExcludingAssessedTax,90948000000,Assets,51483000000,StockholdersEquity,0.0729949692131383,0.1203445736061741,0.3433500461802348,1.7665637200629334,False,False,MDT,1613103,https://www.sec.gov/Archives/edgar/data/1613103/000161310324000072/0001613103-24-000072.txt,Medical devices and supplies
2024,2023-04-29,2024-04-26,0001613103-25-000091,2025-06-20,3676000000,NetIncomeLoss,32364000000,RevenueFromContractWithCustomerExcludingAssessedTax,89981000000,Assets,50214000000,StockholdersEquity,0.0732066754291631,0.1135829934495118,0.3596759315855569,1.791950452065161,False,False,MDT,1613103,https://www.sec.gov/Archives/edgar/data/1613103/000161310325000091/0001613103-25-000091.txt,Medical devices and supplies
2025,2024-04-27,2025-04-25,0001628280-26-044354,2026-06-18,4662000000,NetIncomeLoss,33537000000,RevenueFromContractWithCustomerExcludingAssessedTax,91680000000,Assets,48024000000,StockholdersEquity,0.0970764617691154,0.1390106449592986,0.3658049738219895,1.9090454772613692,False,False,MDT,1613103,https://www.sec.gov/Archives/edgar/data/1613103/000162828026044354/0001628280-26-044354.txt,Medical devices and supplies
2020,2020-01-01,2020-12-31,0000310158-22-000003,2022-02-25,7067000000,NetIncomeLoss,41518000000,Revenues,91588000000,Assets,25317000000,StockholdersEquity,0.2791404984792827,0.1702153282913435,0.4533126610472988,3.617648220563258,False,False,MRK,310158,https://www.sec.gov/Archives/edgar/data/310158/000031015822000003/0000310158-22-000003.txt,Pharmaceuticals and biotechnology
2021,2021-01-01,2021-12-31,0001628280-23-005061,2023-02-24,13049000000,NetIncomeLoss,48704000000,Revenues,105694000000,Assets,38184000000,StockholdersEquity,0.3417399958097633,0.2679246057818659,0.4608019376691203,2.768018018018018,False,False,MRK,310158,https://www.sec.gov/Archives/edgar/data/310158/000162828023005061/0001628280-23-005061.txt,Pharmaceuticals and biotechnology
2022,2022-01-01,2022-12-31,0001628280-24-006850,2024-02-26,14519000000,NetIncomeLoss,59283000000,Revenues,109160000000,Assets,45991000000,StockholdersEquity,0.3156922006479528,0.2449100079280738,0.543083547086845,2.373507860233524,False,False,MRK,310158,https://www.sec.gov/Archives/edgar/data/310158/000162828024006850/0001628280-24-006850.txt,Pharmaceuticals and biotechnology
2023,2023-01-01,2023-12-31,0001628280-25-007732,2025-02-25,365000000,NetIncomeLoss,60115000000,Revenues,106675000000,Assets,37581000000,StockholdersEquity,0.0097123546472951,0.0060716959161606,0.5635340988985236,2.8385354301375694,False,False,MRK,310158,https://www.sec.gov/Archives/edgar/data/310158/000162828025007732/0001628280-25-007732.txt,Pharmaceuticals and biotechnology
2024,2024-01-01,2024-12-31,0000310158-26-000063,2026-02-24,17117000000,NetIncomeLoss,64168000000,Revenues,117106000000,Assets,46313000000,StockholdersEquity,0.3695938505387256,0.2667528986410672,0.5479480129113794,2.528577289314016,False,False,MRK,310158,https://www.sec.gov/Archives/edgar/data/310158/000031015826000063/0000310158-26-000063.txt,Pharmaceuticals and biotechnology
2025,2025-01-01,2025-12-31,0000310158-26-000063,2026-02-24,18254000000,NetIncomeLoss,65011000000,Revenues,136866000000,Assets,52606000000,StockholdersEquity,0.3469946393947458,0.2807832520650351,0.4749974427542268,2.6017184351594875,False,False,MRK,310158,https://www.sec.gov/Archives/edgar/data/310158/000031015826000063/0000310158-26-000063.txt,Pharmaceuticals and biotechnology
2020,2020-01-01,2020-12-31,0001682852-22-000012,2022-02-25,-747000000,NetIncomeLoss,803000000,Revenues,7337000000,Assets,2561000000,StockholdersEquity,-0.2916829363529871,-0.9302615193026152,0.1094452773613193,2.864896524795002,False,False,MRNA,1682852,https://www.sec.gov/Archives/edgar/data/1682852/000168285222000012/0001682852-22-000012.txt,Pharmaceuticals and biotechnology
2021,2021-01-01,2021-12-31,0001682852-23-000011,2023-02-24,12202000000,NetIncomeLoss,18471000000,Revenues,24669000000,Assets,14145000000,StockholdersEquity,0.862636974195829,0.660603107574035,0.7487534962908914,1.7440084835630965,False,False,MRNA,1682852,https://www.sec.gov/Archives/edgar/data/1682852/000168285223000011/0001682852-23-000011.txt,Pharmaceuticals and biotechnology
2022,2022-01-01,2022-12-31,0001682852-24-000015,2024-02-23,8362000000,NetIncomeLoss,19263000000,RevenueFromContractWithCustomerExcludingAssessedTax,25858000000,Assets,19123000000,StockholdersEquity,0.4372744862207812,0.4340964543425219,0.7449532059710727,1.3521936934581391,False,False,MRNA,1682852,https://www.sec.gov/Archives/edgar/data/1682852/000168285224000015/0001682852-24-000015.txt,Pharmaceuticals and biotechnology
2023,2023-01-01,2023-12-31,0001682852-25-000022,2025-02-21,-4714000000,NetIncomeLoss,6848000000,RevenueFromContractWithCustomerExcludingAssessedTax,18426000000,Assets,13854000000,StockholdersEquity,-0.3402627400028872,-0.688376168224299,0.3716487571909259,1.3300129926375055,False,False,MRNA,1682852,https://www.sec.gov/Archives/edgar/data/1682852/000168285225000022/0001682852-25-000022.txt,Pharmaceuticals and biotechnology
2024,2024-01-01,2024-12-31,0001682852-26-000033,2026-02-20,-3561000000,NetIncomeLoss,3236000000,RevenueFromContractWithCustomerExcludingAssessedTax,14142000000,Assets,10901000000,StockholdersEquity,-0.3266672782313549,-1.1004326328800988,0.228821948804978,1.2973121731951198,False,False,MRNA,1682852,https://www.sec.gov/Archives/edgar/data/1682852/000168285226000033/0001682852-26-000033.txt,Pharmaceuticals and biotechnology
2025,2025-01-01,2025-12-31,0001682852-26-000033,2026-02-20,-2822000000,NetIncomeLoss,1944000000,RevenueFromContractWithCustomerExcludingAssessedTax,12338000000,Assets,8650000000,StockholdersEquity,-0.326242774566474,-1.4516460905349795,0.1575620035662182,1.4263583815028902,False,False,MRNA,1682852,https://www.sec.gov/Archives/edgar/data/1682852/000168285226000033/0001682852-26-000033.txt,Pharmaceuticals and biotechnology
2020,2020-01-01,2020-12-31,0000078003-22-000027,2022-02-24,9159000000,NetIncomeLoss,41651000000,RevenueFromContractWithCustomerExcludingAssessedTax,154229000000,Assets,63238000000,StockholdersEquity,0.1448338024605458,0.219898681904396,0.2700594570411531,2.4388658717859517,False,False,PFE,78003,https://www.sec.gov/Archives/edgar/data/78003/000007800322000027/0000078003-22-000027.txt,Pharmaceuticals and biotechnology
2021,2021-01-01,2021-12-31,0000078003-23-000024,2023-02-23,21979000000,NetIncomeLoss,81288000000,Revenues,181476000000,Assets,77201000000,StockholdersEquity,0.284698384735949,0.2703843125676606,0.4479269986113866,2.3506949391847254,False,False,PFE,78003,https://www.sec.gov/Archives/edgar/data/78003/000007800323000024/0000078003-23-000024.txt,Pharmaceuticals and biotechnology
2022,2022-01-01,2022-12-31,0000078003-24-000039,2024-02-22,31372000000,NetIncomeLoss,100330000000,Revenues,197205000000,Assets,95661000000,StockholdersEquity,0.3279497391831572,0.3126881291737267,0.5087599198803275,2.0614984162824976,False,False,PFE,78003,https://www.sec.gov/Archives/edgar/data/78003/000007800324000039/0000078003-24-000039.txt,Pharmaceuticals and biotechnology
2023,2023-01-01,2023-12-31,0000078003-25-000054,2025-02-27,2119000000,NetIncomeLoss,59553000000,Revenues,226501000000,Assets,89014000000,StockholdersEquity,0.0238052441189026,0.035581750709452,0.2629259914967263,2.5445547891342937,False,False,PFE,78003,https://www.sec.gov/Archives/edgar/data/78003/000007800325000054/0000078003-25-000054.txt,Pharmaceuticals and biotechnology
2024,2024-01-01,2024-12-31,0000078003-26-000026,2026-02-26,8031000000,NetIncomeLoss,63627000000,Revenues,213396000000,Assets,88203000000,StockholdersEquity,0.0910513247848712,0.1262200009429959,0.2981639768318057,2.419373490697595,False,False,PFE,78003,https://www.sec.gov/Archives/edgar/data/78003/000007800326000026/0000078003-26-000026.txt,Pharmaceuticals and biotechnology
2025,2025-01-01,2025-12-31,0000078003-26-000026,2026-02-26,7771000000,NetIncomeLoss,62579000000,Revenues,208160000000,Assets,86476000000,StockholdersEquity,0.0898630833988621,0.1241790376963518,0.3006293235972329,2.4071418659512465,False,False,PFE,78003,https://www.sec.gov/Archives/edgar/data/78003/000007800326000026/0000078003-26-000026.txt,Pharmaceuticals and biotechnology
2020,2020-01-01,2020-12-31,0001022079-22-000027,2022-02-28,1431000000,NetIncomeLoss,9437000000,RevenueFromContractWithCustomerExcludingAssessedTax,14026000000,Assets,6759000000,StockholdersEquity,0.2117177097203728,0.1516371728303486,0.6728219021816626,2.0751590471963306,False,False,DGX,1022079,https://www.sec.gov/Archives/edgar/data/1022079/000102207922000027/0001022079-22-000027.txt,Care providers and diagnostic services
2021,2021-01-01,2021-12-31,0001022079-23-000018,2023-02-21,1995000000,NetIncomeLoss,10788000000,RevenueFromContractWithCustomerExcludingAssessedTax,13611000000,Assets,6444000000,StockholdersEquity,0.3095903165735568,0.1849276974416017,0.7925942252589817,2.1121973929236497,False,False,DGX,1022079,https://www.sec.gov/Archives/edgar/data/1022079/000102207923000018/0001022079-23-000018.txt,Care providers and diagnostic services
2022,2022-01-01,2022-12-31,0001022079-24-000041,2024-02-22,946000000,NetIncomeLoss,9883000000,RevenueFromContractWithCustomerExcludingAssessedTax,12837000000,Assets,5893000000,StockholdersEquity,0.1605294417105039,0.0957199231002731,0.7698839292669627,2.178347191583234,False,False,DGX,1022079,https://www.sec.gov/Archives/edgar/data/1022079/000102207924000041/0001022079-24-000041.txt,Care providers and diagnostic services
2023,2023-01-01,2023-12-31,0001022079-25-000044,2025-02-20,854000000,NetIncomeLoss,9252000000,RevenueFromContractWithCustomerExcludingAssessedTax,14022000000,Assets,6307000000,StockholdersEquity,0.1354051054384017,0.0923043666234327,0.6598202824133504,2.223244014586967,False,False,DGX,1022079,https://www.sec.gov/Archives/edgar/data/1022079/000102207925000044/0001022079-25-000044.txt,Care providers and diagnostic services
2024,2024-01-01,2024-12-31,0001022079-26-000015,2026-02-26,871000000,NetIncomeLoss,9872000000,RevenueFromContractWithCustomerExcludingAssessedTax,16153000000,Assets,6778000000,StockholdersEquity,0.1285039834759516,0.0882293354943273,0.6111558224478425,2.383151372086161,False,False,DGX,1022079,https://www.sec.gov/Archives/edgar/data/1022079/000102207926000015/0001022079-26-000015.txt,Care providers and diagnostic services
2025,2025-01-01,2025-12-31,0001022079-26-000015,2026-02-26,992000000,NetIncomeLoss,11035000000,RevenueFromContractWithCustomerExcludingAssessedTax,16225000000,Assets,7170000000,StockholdersEquity,0.1383542538354253,0.0898957861350249,0.6801232665639445,2.262900976290098,False,False,DGX,1022079,https://www.sec.gov/Archives/edgar/data/1022079/000102207926000015/0001022079-26-000015.txt,Care providers and diagnostic services
2020,2020-01-01,2020-12-31,0001804220-22-000007,2022-02-07,3513200000,NetIncomeLoss,8497100000,RevenueFromContractWithCustomerExcludingAssessedTax,17163300000,Assets,11025300000,StockholdersEquity,0.3186489256528167,0.4134587094420449,0.4950737911706956,1.556719545046393,False,False,REGN,872589,https://www.sec.gov/Archives/edgar/data/872589/000180422022000007/0001804220-22-000007.txt,Pharmaceuticals and biotechnology
2021,2021-01-01,2021-12-31,0001804220-23-000008,2023-02-06,8075300000,NetIncomeLoss,16071700000,RevenueFromContractWithCustomerExcludingAssessedTax,25434800000,Assets,18768800000,StockholdersEquity,0.4302512680618899,0.5024546252107742,0.6318783713652162,1.3551638890072888,False,False,REGN,872589,https://www.sec.gov/Archives/edgar/data/872589/000180422023000008/0001804220-23-000008.txt,Pharmaceuticals and biotechnology
2022,2022-01-01,2022-12-31,0001804220-24-000009,2024-02-05,4338400000,NetIncomeLoss,12172900000,RevenueFromContractWithCustomerExcludingAssessedTax,29214500000,Assets,22664000000,StockholdersEquity,0.1914225202965054,0.3563982288526152,0.4166732273357408,1.2890266501941403,False,False,REGN,872589,https://www.sec.gov/Archives/edgar/data/872589/000180422024000009/0001804220-24-000009.txt,Pharmaceuticals and biotechnology
2023,2023-01-01,2023-12-31,0001804220-25-000011,2025-02-05,3953600000,NetIncomeLoss,13117200000,RevenueFromContractWithCustomerExcludingAssessedTax,33080200000,Assets,25973100000,StockholdersEquity,0.1522190266082985,0.3014057878205715,0.3965272277676677,1.273633105020194,False,False,REGN,872589,https://www.sec.gov/Archives/edgar/data/872589/000180422025000011/0001804220-25-000011.txt,Pharmaceuticals and biotechnology
2024,2024-01-01,2024-12-31,0000872589-26-000008,2026-02-04,4412600000,NetIncomeLoss,14202000000,RevenueFromContractWithCustomerExcludingAssessedTax,37759400000,Assets,29353600000,StockholdersEquity,0.1503256840728224,0.3107027179270525,0.3761182645910687,1.286363512482285,False,False,REGN,872589,https://www.sec.gov/Archives/edgar/data/872589/000087258926000008/0000872589-26-000008.txt,Pharmaceuticals and biotechnology
2025,2025-01-01,2025-12-31,0000872589-26-000008,2026-02-04,4504900000,NetIncomeLoss,14342900000,RevenueFromContractWithCustomerExcludingAssessedTax,40558700000,Assets,31256900000,StockholdersEquity,0.1441249772050331,0.314085714883322,0.3536331292669636,1.2975918917103104,False,False,REGN,872589,https://www.sec.gov/Archives/edgar/data/872589/000087258926000008/0000872589-26-000008.txt,Pharmaceuticals and biotechnology
2020,2019-07-01,2020-06-30,0000943819-21-000017,2021-08-17,621674000,NetIncomeLoss,2957013000,RevenueFromContractWithCustomerExcludingAssessedTax,4587376000,Assets,2497027000,StockholdersEquity,0.2489656699747339,0.210237154858636,0.6445979139272647,1.8371351210859956,False,False,RMD,943819,https://www.sec.gov/Archives/edgar/data/943819/000094381921000017/0000943819-21-000017.txt,Medical devices and supplies
2021,2020-07-01,2021-06-30,0000943819-22-000010,2022-08-12,474505000,NetIncomeLoss,3196825000,RevenueFromContractWithCustomerExcludingAssessedTax,4728125000,Assets,2885679000,StockholdersEquity,0.1644344364012767,0.1484300829729497,0.6761295439524124,1.6384791932851852,False,False,RMD,943819,https://www.sec.gov/Archives/edgar/data/943819/000094381922000010/0000943819-22-000010.txt,Medical devices and supplies
2022,2021-07-01,2022-06-30,0000943819-23-000011,2023-08-11,779437000,NetIncomeLoss,3578127000,RevenueFromContractWithCustomerExcludingAssessedTax,5095853000,Assets,3360751000,StockholdersEquity,0.2319234599647519,0.2178337996387495,0.7021644855140052,1.516284009139624,False,False,RMD,943819,https://www.sec.gov/Archives/edgar/data/943819/000094381923000011/0000943819-23-000011.txt,Medical devices and supplies
2023,2022-07-01,2023-06-30,0000943819-24-000013,2024-08-09,897556000,NetIncomeLoss,4222993000,RevenueFromContractWithCustomerExcludingAssessedTax,6751708000,Assets,4129903000,StockholdersEquity,0.2173310123748669,0.2125402528491048,0.62547032543469,1.6348345227478709,False,False,RMD,943819,https://www.sec.gov/Archives/edgar/data/943819/000094381924000013/0000943819-24-000013.txt,Medical devices and supplies
2024,2023-07-01,2024-06-30,0000943819-25-000035,2025-08-08,1020951000,NetIncomeLoss,4685297000,RevenueFromContractWithCustomerExcludingAssessedTax,6872394000,Assets,4864043000,StockholdersEquity,0.2098976098689917,0.2179052896753396,0.6817561682290043,1.412897459993672,False,False,RMD,943819,https://www.sec.gov/Archives/edgar/data/943819/000094381925000035/0000943819-25-000035.txt,Medical devices and supplies
2025,2024-07-01,2025-06-30,0000943819-26-000047,2026-08-13,1400723000,NetIncomeLoss,5146327000,RevenueFromContractWithCustomerExcludingAssessedTax,8174391000,Assets,5967859000,StockholdersEquity,0.23471114180144,0.2721791677831587,0.6295670221793893,1.3697359471797173,False,False,RMD,943819,https://www.sec.gov/Archives/edgar/data/943819/000094381926000047/0000943819-26-000047.txt,Medical devices and supplies
2020,2019-12-30,2021-01-03,0000031791-22-000003,2022-03-03,727887000,NetIncomeLoss,3782745000,RevenueFromContractWithCustomerExcludingAssessedTax,7960315000,Assets,3735492000,StockholdersEquity,0.1948570630053551,0.1924229626897927,0.4752004160639371,2.1309950603561725,False,False,RVTY,31791,https://www.sec.gov/Archives/edgar/data/31791/000003179122000003/0000031791-22-000003.txt,Life-science tools and research services
2021,2021-01-04,2022-01-02,0000031791-23-000004,2023-03-01,943157000,NetIncomeLoss,3827808000,RevenueFromContractWithCustomerExcludingAssessedTax,15000554000,Assets,7141245000,StockholdersEquity,0.1320717886026876,0.2463961097317316,0.2551777754341606,2.1005516545084224,False,False,RVTY,31791,https://www.sec.gov/Archives/edgar/data/31791/000003179123000004/0000031791-23-000004.txt,Life-science tools and research services
2022,2022-01-03,2023-01-01,0000031791-24-000004,2024-02-27,569179000,NetIncomeLoss,3311822000,RevenueFromContractWithCustomerExcludingAssessedTax,14129855000,Assets,7382876000,StockholdersEquity,0.0770944818794193,0.1718627993895807,0.2343847123696598,1.9138686603973845,False,False,RVTY,31791,https://www.sec.gov/Archives/edgar/data/31791/000003179124000004/0000031791-24-000004.txt,Life-science tools and research services
2023,2023-01-02,2023-12-31,0000031791-25-000009,2025-02-25,693094000,NetIncomeLoss,2750571000,RevenueFromContractWithCustomerExcludingAssessedTax,13564665000,Assets,7872739000,StockholdersEquity,0.0880372129699714,0.2519818612208156,0.202774709143204,1.7229918329567384,False,False,RVTY,31791,https://www.sec.gov/Archives/edgar/data/31791/000003179125000009/0000031791-25-000009.txt,Life-science tools and research services
2024,2024-01-01,2024-12-29,0000031791-26-000012,2026-02-24,270385000,NetIncomeLoss,2755026000,RevenueFromContractWithCustomerExcludingAssessedTax,12392478000,Assets,7666874000,StockholdersEquity,0.0352666549626353,0.0981424494723461,0.2223143748974176,1.6163664617417737,False,False,RVTY,31791,https://www.sec.gov/Archives/edgar/data/31791/000003179126000012/0000031791-26-000012.txt,Life-science tools and research services
2025,2024-12-30,2025-12-28,0000031791-26-000012,2026-02-24,241201000,NetIncomeLoss,2856051000,RevenueFromContractWithCustomerExcludingAssessedTax,12168411000,Assets,7250360000,StockholdersEquity,0.0332674515472335,0.0844526235700973,0.2347102674293299,1.678318180062783,False,False,RVTY,31791,https://www.sec.gov/Archives/edgar/data/31791/000003179126000012/0000031791-26-000012.txt,Life-science tools and research services
2020,2019-04-01,2020-03-31,0001757898-21-000017,2021-05-28,407659000,NetIncomeLoss,3030895000,Revenues,5440867000,Assets,3405362000,StockholdersEquity,0.1197109147280083,0.1345011951915193,0.5570610345740853,1.5977352774829812,False,False,STE,1757898,https://www.sec.gov/Archives/edgar/data/1757898/000175789821000017/0001757898-21-000017.txt,Medical devices and supplies
2021,2020-04-01,2021-03-31,0001757898-22-000011,2022-05-31,397400000,NetIncomeLoss,3107519000,Revenues,6574471000,Assets,3880990000,StockholdersEquity,0.102396553456721,0.1278833693374038,0.4726644927021505,1.6940190518398657,False,False,STE,1757898,https://www.sec.gov/Archives/edgar/data/1757898/000175789822000011/0001757898-22-000011.txt,Medical devices and supplies
2022,2021-04-01,2022-03-31,0001757898-23-000005,2023-05-26,243888000,NetIncomeLoss,4585064000,Revenues,11423594000,Assets,6532356000,StockholdersEquity,0.0373353809865843,0.0531918420331755,0.4013679057571548,1.7487708875633845,False,False,STE,1757898,https://www.sec.gov/Archives/edgar/data/1757898/000175789823000005/0001757898-23-000005.txt,Medical devices and supplies
2023,2022-04-01,2023-03-31,0001757898-24-000008,2024-05-29,107030000,NetIncomeLoss,4536266000,Revenues,10821839000,Assets,6077198000,StockholdersEquity,0.0176117348817662,0.0235942953962576,0.4191769993990855,1.7807283883131666,False,False,STE,1757898,https://www.sec.gov/Archives/edgar/data/1757898/000175789824000008/0001757898-24-000008.txt,Medical devices and supplies
2024,2023-04-01,2024-03-31,0001757898-25-000005,2025-05-29,378239000,NetIncomeLoss,5138701000,Revenues,11063697000,Assets,6302164000,StockholdersEquity,0.0600173210344891,0.0736059560577663,0.4644650879357958,1.7555393671126298,False,False,STE,1757898,https://www.sec.gov/Archives/edgar/data/1757898/000175789825000005/0001757898-25-000005.txt,Medical devices and supplies
2025,2024-04-01,2025-03-31,0001628280-26-039136,2026-05-29,614600000,NetIncomeLoss,5459500000,Revenues,10146800000,Assets,6603400000,StockholdersEquity,0.0930732652875791,0.1125744115761516,0.5380514053691804,1.5366023563618745,False,False,STE,1757898,https://www.sec.gov/Archives/edgar/data/1757898/000162828026039136/0001628280-26-039136.txt,Medical devices and supplies
2020,2020-01-01,2020-12-31,0000097745-22-000011,2022-02-24,6375000000,ProfitLoss minus NetIncomeLossAttributableToNoncontrollingInterest,32218000000,RevenueFromContractWithCustomerExcludingAssessedTax,69052000000,Assets,34507000000,StockholdersEquity,0.184745124177703,0.197870755478304,0.4665759138040897,2.001101225838236,False,False,TMO,97745,https://www.sec.gov/Archives/edgar/data/97745/000009774522000011/0000097745-22-000011.txt,Life-science tools and research services
2021,2021-01-01,2021-12-31,0000097745-23-000008,2023-02-23,7725000000,ProfitLoss minus NetIncomeLossAttributableToNoncontrollingInterest,39211000000,RevenueFromContractWithCustomerExcludingAssessedTax,95123000000,Assets,40793000000,StockholdersEquity,0.1893707253695487,0.1970110428196169,0.4122136602083618,2.331846150074768,False,False,TMO,97745,https://www.sec.gov/Archives/edgar/data/97745/000009774523000008/0000097745-23-000008.txt,Life-science tools and research services
2022,2022-01-01,2022-12-31,0000097745-24-000007,2024-02-22,6950000000,ProfitLoss minus NetIncomeLossAttributableToNoncontrollingInterest,44915000000,RevenueFromContractWithCustomerExcludingAssessedTax,97154000000,Assets,43978000000,StockholdersEquity,0.1580335622356632,0.154736724924858,0.4623072647549252,2.209150029560235,False,False,TMO,97745,https://www.sec.gov/Archives/edgar/data/97745/000009774524000007/0000097745-24-000007.txt,Life-science tools and research services
2023,2023-01-01,2023-12-31,0000097745-25-000010,2025-02-20,5995000000,ProfitLoss minus NetIncomeLossAttributableToNoncontrollingInterest,42857000000,RevenueFromContractWithCustomerExcludingAssessedTax,98726000000,Assets,46735000000,StockholdersEquity,0.1282764523376484,0.1398837996126653,0.4341004396005105,2.1124638921579115,False,False,TMO,97745,https://www.sec.gov/Archives/edgar/data/97745/000009774525000010/0000097745-25-000010.txt,Life-science tools and research services
2024,2024-01-01,2024-12-31,0000097745-26-000018,2026-02-26,6335000000,NetIncomeLoss,42879000000,RevenueFromContractWithCustomerExcludingAssessedTax,97321000000,Assets,49584000000,StockholdersEquity,0.1277629880606647,0.1477413185941836,0.4405934998612837,1.962750080671184,False,False,TMO,97745,https://www.sec.gov/Archives/edgar/data/97745/000009774526000018/0000097745-26-000018.txt,Life-science tools and research services
2025,2025-01-01,2025-12-31,0000097745-26-000018,2026-02-26,6704000000,NetIncomeLoss,44556000000,RevenueFromContractWithCustomerExcludingAssessedTax,110343000000,Assets,53407000000,StockholdersEquity,0.1255266163611511,0.1504623395277852,0.4037954378619396,2.0660774804800868,False,False,TMO,97745,https://www.sec.gov/Archives/edgar/data/97745/000009774526000018/0000097745-26-000018.txt,Life-science tools and research services
2020,2020-01-01,2020-12-31,0000731766-22-000008,2022-02-15,15403000000,NetIncomeLoss,257141000000,Revenues,197289000000,Assets,65491000000,StockholdersEquityIncludingPortionAttributableToNoncontrollingInterest minus MinorityInterest,0.2351926218869768,0.0599009881738034,1.3033722103107623,3.0124597272907727,False,False,UNH,731766,https://www.sec.gov/Archives/edgar/data/731766/000073176622000008/0000731766-22-000008.txt,Insurance and integrated health services
2021,2021-01-01,2021-12-31,0000731766-23-000008,2023-02-24,17285000000,NetIncomeLoss,287597000000,Revenues,212206000000,Assets,71760000000,StockholdersEquityIncludingPortionAttributableToNoncontrollingInterest minus MinorityInterest,0.2408723522853957,0.060101461419973,1.355272706709518,2.95716276477146,False,False,UNH,731766,https://www.sec.gov/Archives/edgar/data/731766/000073176623000008/0000731766-23-000008.txt,Insurance and integrated health services
2022,2022-01-01,2022-12-31,0000731766-24-000081,2024-02-28,20120000000,NetIncomeLoss,324162000000,Revenues,245705000000,Assets,77772000000,StockholdersEquityIncludingPortionAttributableToNoncontrollingInterest minus MinorityInterest,0.2587049323664043,0.0620677315663156,1.3193138112777518,3.1592989764953967,False,False,UNH,731766,https://www.sec.gov/Archives/edgar/data/731766/000073176624000081/0000731766-24-000081.txt,Insurance and integrated health services
2023,2023-01-01,2023-12-31,0000731766-25-000063,2025-02-27,22381000000,NetIncomeLoss,371622000000,Revenues,273720000000,Assets,88756000000,StockholdersEquityIncludingPortionAttributableToNoncontrollingInterest minus MinorityInterest,0.2521632340348821,0.0602251750434581,1.357672073651907,3.0839605209788634,False,False,UNH,731766,https://www.sec.gov/Archives/edgar/data/731766/000073176625000063/0000731766-25-000063.txt,Insurance and integrated health services
2024,2024-01-01,2024-12-31,0000731766-26-000062,2026-03-02,14405000000,NetIncomeLoss,400278000000,Revenues,298278000000,Assets,92658000000,StockholdersEquityIncludingPortionAttributableToNoncontrollingInterest minus MinorityInterest,0.1554641801031751,0.0359874886953567,1.341962866855752,3.2191284076928057,False,False,UNH,731766,https://www.sec.gov/Archives/edgar/data/731766/000073176626000062/0000731766-26-000062.txt,Insurance and integrated health services
2025,2025-01-01,2025-12-31,0000731766-26-000062,2026-03-02,12056000000,NetIncomeLoss,447567000000,Revenues,309581000000,Assets,94110000000,StockholdersEquityIncludingPortionAttributableToNoncontrollingInterest minus MinorityInterest,0.1281054085644458,0.0269367491347664,1.4457185679999742,3.289565402188928,False,False,UNH,731766,https://www.sec.gov/Archives/edgar/data/731766/000073176626000062/0000731766-26-000062.txt,Insurance and integrated health services
2020,2020-01-01,2020-12-31,0001564590-22-006717,2022-02-24,943953000,NetIncomeLoss,11558897000,RevenueFromContractWithCustomerExcludingAssessedTax,13476879000,Assets,6317146000,StockholdersEquity,0.1494271305428116,0.0816646259586879,0.8576835185653889,2.1333809603260714,False,False,UHS,352915,https://www.sec.gov/Archives/edgar/data/352915/000156459022006717/0001564590-22-006717.txt,Care providers and diagnostic services
2021,2021-01-01,2021-12-31,0000950170-23-004656,2023-02-27,991590000,NetIncomeLoss,12642117000,RevenueFromContractWithCustomerExcludingAssessedTax,13093543000,Assets,6089664000,StockholdersEquity,0.1628316439133587,0.078435439254359,0.965523006263469,2.1501256883795232,False,False,UHS,352915,https://www.sec.gov/Archives/edgar/data/352915/000095017023004656/0000950170-23-004656.txt,Care providers and diagnostic services
2022,2022-01-01,2022-12-31,0000950170-24-021175,2024-02-27,675609000,NetIncomeLoss,13399370000,RevenueFromContractWithCustomerExcludingAssessedTax,13494188000,Assets,5920582000,StockholdersEquity,0.1141119234561737,0.0504209526268772,0.992973419371362,2.279199578690068,False,False,UHS,352915,https://www.sec.gov/Archives/edgar/data/352915/000095017024021175/0000950170-24-021175.txt,Care providers and diagnostic services
2023,2023-01-01,2023-12-31,0000950170-25-027785,2025-02-26,717795000,NetIncomeLoss,14281976000,RevenueFromContractWithCustomerExcludingAssessedTax,13967602000,Assets,6149001000,StockholdersEquity,0.1167335962378279,0.0502588017232349,1.022507370986086,2.271523780854809,False,False,UHS,352915,https://www.sec.gov/Archives/edgar/data/352915/000095017025027785/0000950170-25-027785.txt,Care providers and diagnostic services
2024,2024-01-01,2024-12-31,0001193125-26-071676,2026-02-25,1142097000,NetIncomeLoss,15827935000,RevenueFromContractWithCustomerExcludingAssessedTax,14469749000,Assets,6666207000,StockholdersEquity,0.1713263629527256,0.07215704385948,1.0938638258341593,2.1706120136983444,False,False,UHS,352915,https://www.sec.gov/Archives/edgar/data/352915/000119312526071676/0001193125-26-071676.txt,Care providers and diagnostic services
2025,2025-01-01,2025-12-31,0001193125-26-071676,2026-02-25,1488796000,NetIncomeLoss,17364829000,RevenueFromContractWithCustomerExcludingAssessedTax,15527593000,Assets,7275792000,StockholdersEquity,0.2046232217743443,0.0857362891393862,1.118320721054448,2.134144708919661,False,False,UHS,352915,https://www.sec.gov/Archives/edgar/data/352915/000119312526071676/0001193125-26-071676.txt,Care providers and diagnostic services
2020,2019-02-01,2020-01-31,0001393052-21-000015,2021-03-30,301118000,NetIncomeLoss,1104081000,RevenueFromContractWithCustomerExcludingAssessedTax,2271777000,Assets,1665594000,StockholdersEquity,0.1807871546127087,0.2727318013805146,0.4859988458374215,1.3639440343805274,False,False,VEEV,1393052,https://www.sec.gov/Archives/edgar/data/1393052/000139305221000015/0001393052-21-000015.txt,Healthcare software
2021,2020-02-01,2021-01-31,0001393052-22-000017,2022-03-30,379998000,NetIncomeLoss,1465069000,RevenueFromContractWithCustomerExcludingAssessedTax,3046067000,Assets,2266320000,StockholdersEquity,0.1676718203960605,0.2593720841817006,0.4809707074729479,1.344058650146493,False,False,VEEV,1393052,https://www.sec.gov/Archives/edgar/data/1393052/000139305222000017/0001393052-22-000017.txt,Healthcare software
2022,2021-02-01,2022-01-31,0001393052-23-000025,2023-03-30,427390000,NetIncomeLoss,1850777000,RevenueFromContractWithCustomerExcludingAssessedTax,3816465000,Assets,2911637000,StockholdersEquity,0.1467868419037125,0.2309246332756458,0.4849453617418213,1.3107626397109255,False,False,VEEV,1393052,https://www.sec.gov/Archives/edgar/data/1393052/000139305223000025/0001393052-23-000025.txt,Healthcare software
2023,2022-02-01,2023-01-31,0001393052-24-000013,2024-03-25,487706000,NetIncomeLoss,2155060000,RevenueFromContractWithCustomerExcludingAssessedTax,4804296000,Assets,3716252000,StockholdersEquity,0.1312359872258393,0.2263073881933681,0.4485693637527746,1.2927799298863478,False,False,VEEV,1393052,https://www.sec.gov/Archives/edgar/data/1393052/000139305224000013/0001393052-24-000013.txt,Healthcare software
2024,2023-02-01,2024-01-31,0001393052-25-000022,2025-03-24,525705000,NetIncomeLoss,2363673000,RevenueFromContractWithCustomerExcludingAssessedTax,5910920000,Assets,4644824000,StockholdersEquity,0.1131808223519341,0.2224102064879533,0.3998824210106041,1.2725821258243584,False,False,VEEV,1393052,https://www.sec.gov/Archives/edgar/data/1393052/000139305225000022/0001393052-25-000022.txt,Healthcare software
2025,2024-02-01,2025-01-31,0001393052-26-000014,2026-03-20,714138000,NetIncomeLoss,2746619000,RevenueFromContractWithCustomerExcludingAssessedTax,7339756000,Assets,5832373000,StockholdersEquity,0.1224438148931832,0.2600062112728412,0.3742112135607777,1.2584510627149532,False,False,VEEV,1393052,https://www.sec.gov/Archives/edgar/data/1393052/000139305226000014/0001393052-26-000014.txt,Healthcare software
2020,2020-01-01,2020-12-31,0000875320-22-000007,2022-02-09,2711700000,NetIncomeLoss,6205700000,RevenueFromContractWithCustomerExcludingAssessedTax,11751800000,Assets,8686800000,StockholdersEquity,0.3121632822213013,0.4369692379586509,0.5280637859732126,1.352834185200534,False,False,VRTX,875320,https://www.sec.gov/Archives/edgar/data/875320/000087532022000007/0000875320-22-000007.txt,Pharmaceuticals and biotechnology
2021,2021-01-01,2021-12-31,0000875320-23-000007,2023-02-10,2342100000,NetIncomeLoss,7574400000,RevenueFromContractWithCustomerExcludingAssessedTax,13432500000,Assets,10100000000,StockholdersEquity,0.2318910891089109,0.3092126108998732,0.5638860971524288,1.329950495049505,False,False,VRTX,875320,https://www.sec.gov/Archives/edgar/data/875320/000087532023000007/0000875320-23-000007.txt,Pharmaceuticals and biotechnology
2022,2022-01-01,2022-12-31,0000875320-24-000062,2024-02-15,3322000000,NetIncomeLoss,8930700000,RevenueFromContractWithCustomerExcludingAssessedTax,18150900000,Assets,13912700000,StockholdersEquity,0.2387746447490422,0.3719753210834537,0.4920251888336115,1.3046281455073423,False,False,VRTX,875320,https://www.sec.gov/Archives/edgar/data/875320/000087532024000062/0000875320-24-000062.txt,Pharmaceuticals and biotechnology
2023,2023-01-01,2023-12-31,0000875320-25-000053,2025-02-13,3619600000,NetIncomeLoss,9869200000,RevenueFromContractWithCustomerExcludingAssessedTax,22730200000,Assets,17580400000,StockholdersEquity,0.2058883756911105,0.3667571839662789,0.4341888764727103,1.2929284885440604,False,False,VRTX,875320,https://www.sec.gov/Archives/edgar/data/875320/000087532025000053/0000875320-25-000053.txt,Pharmaceuticals and biotechnology
2024,2024-01-01,2024-12-31,0000875320-26-000056,2026-02-13,-535600000,NetIncomeLoss,11020100000,RevenueFromContractWithCustomerExcludingAssessedTax,22533200000,Assets,16409600000,StockholdersEquity,-0.032639430577223,-0.0486020997994573,0.4890605861573145,1.3731718018720749,False,False,VRTX,875320,https://www.sec.gov/Archives/edgar/data/875320/000087532026000056/0000875320-26-000056.txt,Pharmaceuticals and biotechnology
2025,2025-01-01,2025-12-31,0000875320-26-000056,2026-02-13,3953200000,NetIncomeLoss,12001300000,RevenueFromContractWithCustomerExcludingAssessedTax,25643000000,Assets,18665800000,StockholdersEquity,0.2117884044616357,0.3293976485880696,0.4680146628709589,1.3737959262394326,False,False,VRTX,875320,https://www.sec.gov/Archives/edgar/data/875320/000087532026000056/0000875320-26-000056.txt,Pharmaceuticals and biotechnology
2020,2020-01-01,2020-12-31,0001628280-22-003342,2022-02-22,346200000,NetIncomeLoss,2146900000,RevenueFromContractWithCustomerExcludingAssessedTax,2793800000,Assets,1854500000,StockholdersEquity,0.1866810461040711,0.1612557641250174,0.7684515713365309,1.5064977082771636,False,False,WST,105770,https://www.sec.gov/Archives/edgar/data/105770/000162828022003342/0001628280-22-003342.txt,Medical devices and supplies
2021,2021-01-01,2021-12-31,0000105770-23-000012,2023-02-21,661800000,NetIncomeLoss,2831600000,RevenueFromContractWithCustomerExcludingAssessedTax,3313800000,Assets,2335400000,StockholdersEquity,0.2833775798578402,0.2337194518999858,0.8544872955519344,1.418943221717907,False,False,WST,105770,https://www.sec.gov/Archives/edgar/data/105770/000010577023000012/0000105770-23-000012.txt,Medical devices and supplies
2022,2022-01-01,2022-12-31,0000105770-24-000015,2024-02-20,585900000,NetIncomeLoss,2886900000,RevenueFromContractWithCustomerExcludingAssessedTax,3616800000,Assets,2684900000,StockholdersEquity,0.2182204178926589,0.2029512626000207,0.7981917717319177,1.3470892770680472,False,False,WST,105770,https://www.sec.gov/Archives/edgar/data/105770/000010577024000015/0000105770-24-000015.txt,Medical devices and supplies
2023,2023-01-01,2023-12-31,0000105770-25-000013,2025-02-18,593400000,NetIncomeLoss,2949800000,RevenueFromContractWithCustomerExcludingAssessedTax,3829500000,Assets,2881000000,StockholdersEquity,0.2059701492537313,0.2011661807580174,0.770283326805066,1.3292259632072196,False,False,WST,105770,https://www.sec.gov/Archives/edgar/data/105770/000010577025000013/0000105770-25-000013.txt,Medical devices and supplies
2024,2024-01-01,2024-12-31,0000105770-26-000010,2026-02-17,492700000,NetIncomeLoss,2893200000,RevenueFromContractWithCustomerExcludingAssessedTax,3643400000,Assets,2682300000,StockholdersEquity,0.1836856429183909,0.1702958661689478,0.79409342921447,1.3583118965067291,False,False,WST,105770,https://www.sec.gov/Archives/edgar/data/105770/000010577026000010/0000105770-26-000010.txt,Medical devices and supplies
2025,2025-01-01,2025-12-31,0000105770-26-000010,2026-02-17,493700000,NetIncomeLoss,3074100000,RevenueFromContractWithCustomerExcludingAssessedTax,4270000000,Assets,3176000000,StockholdersEquity,0.1554471032745591,0.1605998503627078,0.7199297423887587,1.3444584382871536,False,False,WST,105770,https://www.sec.gov/Archives/edgar/data/105770/000010577026000010/0000105770-26-000010.txt,Medical devices and supplies
2020,2020-01-01,2020-12-31,0001564590-22-007160,2022-02-25,-138900000,NetIncomeLoss,7024500000,RevenueFromContractWithCustomerExcludingAssessedTax,24417700000,Assets,12194200000,StockholdersEquity,-0.0113906611339817,-0.0197736493700619,0.2876806578834206,2.002402781650293,False,False,ZBH,1136869,https://www.sec.gov/Archives/edgar/data/1136869/000156459022007160/0001564590-22-007160.txt,Medical devices and supplies
2021,2021-01-01,2021-12-31,0000950170-23-004264,2023-02-24,401600000,NetIncomeLoss,6827300000,RevenueFromContractWithCustomerExcludingAssessedTax,23456400000,Assets,12660700000,StockholdersEquity,0.0317202050439549,0.0588226678189035,0.2910634197916134,1.8526937689069325,False,False,ZBH,1136869,https://www.sec.gov/Archives/edgar/data/1136869/000095017023004264/0000950170-23-004264.txt,Medical devices and supplies
2022,2022-01-01,2022-12-31,0000950170-24-019353,2024-02-23,231400000,NetIncomeLoss,6939900000,RevenueFromContractWithCustomerExcludingAssessedTax,21066000000,Assets,12020300000,StockholdersEquity,0.0192507674517274,0.0333434199340048,0.3294360581031045,1.7525352944602048,False,False,ZBH,1136869,https://www.sec.gov/Archives/edgar/data/1136869/000095017024019353/0000950170-24-019353.txt,Medical devices and supplies
2023,2023-01-01,2023-12-31,0000950170-25-026604,2025-02-25,1024000000,NetIncomeLoss,7394200000,RevenueFromContractWithCustomerExcludingAssessedTax,21496900000,Assets,12480500000,StockholdersEquity,0.0820479948720003,0.1384869221822509,0.3439658741492959,1.7224390048475622,False,False,ZBH,1136869,https://www.sec.gov/Archives/edgar/data/1136869/000095017025026604/0000950170-25-026604.txt,Medical devices and supplies
2024,2024-01-01,2024-12-31,0001193125-26-059853,2026-02-20,903800000,NetIncomeLoss,7678600000,RevenueFromContractWithCustomerExcludingAssessedTax,21365300000,Assets,12468100000,StockholdersEquity,0.0724889919073475,0.1177037480790769,0.3593958427918166,1.7135970997986862,False,False,ZBH,1136869,https://www.sec.gov/Archives/edgar/data/1136869/000119312526059853/0001193125-26-059853.txt,Medical devices and supplies
2025,2025-01-01,2025-12-31,0001193125-26-059853,2026-02-20,705100000,NetIncomeLoss,8231500000,RevenueFromContractWithCustomerExcludingAssessedTax,23091700000,Assets,12697700000,StockholdersEquity,0.0555297416067476,0.0856587499240721,0.3564700736628312,1.8185734424344568,False,False,ZBH,1136869,https://www.sec.gov/Archives/edgar/data/1136869/000119312526059853/0001193125-26-059853.txt,Medical devices and supplies
2020,2020-01-01,2020-12-31,0001555280-22-000078,2022-02-15,1638000000,NetIncomeLoss,6675000000,Revenues,13609000000,Assets,3769000000,StockholdersEquity,0.4345980366144866,0.2453932584269663,0.4904842383716658,3.6107720880870255,False,False,ZTS,1555280,https://www.sec.gov/Archives/edgar/data/1555280/000155528022000078/0001555280-22-000078.txt,Animal-health medicines
2021,2021-01-01,2021-12-31,0001555280-23-000074,2023-02-14,2037000000,NetIncomeLoss,7776000000,Revenues,13900000000,Assets,4543000000,StockholdersEquity,0.448382126348228,0.2619598765432099,0.5594244604316547,3.0596522121945853,False,False,ZTS,1555280,https://www.sec.gov/Archives/edgar/data/1555280/000155528023000074/0001555280-23-000074.txt,Animal-health medicines
2022,2022-01-01,2022-12-31,0001555280-24-000143,2024-02-13,2114000000,NetIncomeLoss,8080000000,Revenues,14925000000,Assets,4405000000,StockholdersEquity,0.4799091940976163,0.2616336633663366,0.5413735343383584,3.388195232690125,False,False,ZTS,1555280,https://www.sec.gov/Archives/edgar/data/1555280/000155528024000143/0001555280-24-000143.txt,Animal-health medicines
2023,2023-01-01,2023-12-31,0001555280-25-000102,2025-02-13,2344000000,NetIncomeLoss,8544000000,Revenues,14286000000,Assets,4997000000,StockholdersEquity,0.4690814488693215,0.2743445692883895,0.5980680386392272,2.858915349209526,False,False,ZTS,1555280,https://www.sec.gov/Archives/edgar/data/1555280/000155528025000102/0001555280-25-000102.txt,Animal-health medicines
2024,2024-01-01,2024-12-31,0001555280-26-000011,2026-02-12,2486000000,NetIncomeLoss,9256000000,Revenues,14237000000,Assets,4770000000,StockholdersEquity,0.5211740041928721,0.2685825410544512,0.6501369670576667,2.9846960167714887,False,False,ZTS,1555280,https://www.sec.gov/Archives/edgar/data/1555280/000155528026000011/0001555280-26-000011.txt,Animal-health medicines
2025,2025-01-01,2025-12-31,0001555280-26-000011,2026-02-12,2673000000,NetIncomeLoss,9467000000,Revenues,15467000000,Assets,3331000000,StockholdersEquity,0.8024617232062444,0.2823492130558783,0.6120773259197,4.643350345241669,False,False,ZTS,1555280,https://www.sec.gov/Archives/edgar/data/1555280/000155528026000011/0001555280-26-000011.txt,Animal-health medicines
